star_name,name,ra,dec,temperature,mass,luminosity,color_index
Star_1,Star_1,51.64900452648722,-60.42836821096633,6545.071229516849,1.5889743953959574,1.5952279568819736,1.3547227360102272
Star_2,Star_2,54.520387896728636,50.96905756626549,5592.603548243223,2.5979127138276654,0.7184124515582504,0.4351869691172479
Star_3,Star_3,155.79773436305481,-67.95038484612193,6771.5328071510385,0.49694109208140635,0.6120634471354649,0.5250124083153612
Star_4,Star_4,214.44473669815062,24.283198647569304,8084.544784612038,1.3250956140015668,0.9979773738241424,0.6310630960666256
Star_5,Star_5,29.02154586105663,-67.70771519295286,5448.769937914996,0.7222952540455142,0.9029295254515585,0.768739654612924
Star_6,Star_6,338.24469204905967,-77.30358523326782,5448.794564576229,0.7838303346927841,0.7619023892511432,0.7290652435864354
Star_7,Star_7,271.84810228027055,73.69731066345777,8168.819223261087,0.743640944498274,1.5186662286182693,1.0352287381844352
Star_8,Star_8,211.18461058211855,-55.77682206263298,6951.1520937293635,0.649212372897268,1.7739046345496123,-0.07791762116056256
Star_9,Star_9,298.2379215380367,57.825027820746776,5095.788421097572,1.0245575019584898,1.0544761799981477,-0.06607896105870176
Star_10,Star_10,28.867232452360785,8.033556799284447,6613.840065378947,0.6600266551372973,2.426665392891885,0.5012365483969552
Star_11,Star_11,171.66199598392478,-75.98582647042147,5104.873460781307,1.1447982411647637,0.5040834402913191,0.9791900562631126
Star_12,Star_12,226.83352567019884,81.98067445885215,5101.405369644614,0.9751938036871477,0.8903009960990734,0.18030559051832115
Star_13,Star_13,298.31504620258414,-45.546989941459344,6162.943407349051,0.8873870587888625,0.6504483449794893,-0.2522897019081271
Star_14,Star_14,282.04904161773635,64.73616216346917,2930.079633013303,0.6352213037128877,0.3263052551491816,0.8213538218657627
Star_15,Star_15,99.74492989682386,-59.614198958778445,3212.623251230451,0.7494724909732576,0.9516019879398819,0.7230971671108144
Star_16,Star_16,338.71686104131356,63.70971878553352,4956.568706138541,1.4589187992397838,0.9295557408032079,0.3229374779601711
Star_17,Star_17,44.764502915113326,-87.61881367704709,4280.753319498364,1.2846143978397633,2.4795320328630197,0.35433811978372104
Star_18,Star_18,315.04810270361475,2.1204821825065223,6271.37099889291,0.6133757128481517,1.460073841385676,0.3590768841095977
Star_19,Star_19,349.5384898576627,48.49966429588022,4437.963886718183,1.0509201909519639,0.5409047412836421,0.6831605952421821
Star_20,Star_20,63.775268360145205,78.263193148701,3681.5444479970624,1.4560008909432713,3.041818537833228,0.46210541714509795
Star_21,Star_21,259.9437831133627,73.65638451716767,7998.4731533823315,0.4340035172895867,2.0805248993115866,0.7982191756926559
Star_22,Star_22,14.502786760079447,57.53247651857608,5461.335549270197,1.3121671668852863,1.418015873140051,-0.20638799887131726
Star_23,Star_23,145.95221705009578,69.87444293903474,5901.292307031886,0.7179812105168476,0.8729382495099133,0.3929444404616602
Star_24,Star_24,185.86198771116264,-54.14045654932623,3662.877720679815,1.3301601310827422,0.5623316143224314,0.3121838117266849
Star_25,Star_25,209.03228132746827,-38.84682677188882,4983.425913212226,0.6827479110319814,0.7998556015706473,0.5730977964882523
Star_26,Star_26,336.93740936948143,-37.985665514209465,5966.383884564799,0.4055784130713223,1.9217748725552457,0.4885856724529585
Star_27,Star_27,242.01024742591008,-22.130292419694214,4073.5096338665458,0.4431835684906401,3.0979846388098253,0.88935313396873
Star_28,Star_28,173.26006243892533,-19.202279330666034,6363.547027518508,1.0243338238359316,2.524255371763745,0.0921989685019828
Star_29,Star_29,291.48301305572016,8.019958437841588,4899.041965121793,1.1386703828281417,0.7457911684122346,0.6636474428992256
Star_30,Star_30,342.1918155435872,-61.22164259404055,5362.459375310084,0.6362534348463803,0.5108034197410042,0.8175009269635116
Star_31,Star_31,7.943813525624703,34.424399481478076,4897.440081655905,1.376158923248325,1.088207392251537,1.2069942309685864
Star_32,Star_32,353.7076580121739,-59.83802292518883,8578.417276763406,0.43571800119721504,0.34608750913138775,0.5054702086719575
Star_33,Star_33,31.00757006292492,-34.14447322118144,5779.754162893099,0.9674999562250203,1.2139756423948624,0.7473375813057551
Star_34,Star_34,293.1792405367541,0.6021235091077282,4213.43360656615,0.5457970367652408,0.9152467739348563,0.10884116223129056
Star_35,Star_35,100.9205109185085,53.35930107422592,7033.817368154783,0.7218643389745923,0.7560695564709411,-0.06758686129390709
Star_36,Star_36,47.58467679139383,43.10446198297091,3968.7345250434664,1.0239823966091823,0.3841117164847787,0.90343231273451
Star_37,Star_37,158.34803029698057,26.196184153894006,6113.295392507133,0.6503746596781633,1.3609188055329178,0.6483319119055788
Star_38,Star_38,231.82436860114086,-61.96081309556937,2860.4948141803366,0.8250776530936662,0.7264246601716176,1.003553806939527
Star_39,Star_39,137.142664208451,8.468162210803989,3807.720926652354,1.6539169845248356,0.49561785569981304,0.23797913330907536
Star_40,Star_40,19.643546981771625,-74.25962967602062,6095.291853803686,0.7494273220190634,0.17846597218193982,0.8059706418586258
Star_41,Star_41,215.80601027713797,-22.07462817660286,6907.6998699931155,1.5186868637247457,0.9836265827489243,1.210645352163156
Star_42,Star_42,324.8651793998429,-15.567024547807351,6057.052421784956,0.5684434589279437,2.8960593207609238,0.7759116825071798
Star_43,Star_43,137.9575317410106,-82.83394089976431,5626.5275764176395,1.3033033617404015,2.709476732823259,0.7329744516773147
Star_44,Star_44,77.87979994709774,-40.68214209540507,5348.344456616067,2.056045155881152,0.7601361219187903,0.6525668242473049
Star_45,Star_45,159.32784453581354,82.01690410796809,3582.217014448859,0.29059572175503195,0.696750959009458,0.1787355628622264
Star_46,Star_46,17.410575977561113,81.65386940934411,4720.233687407937,0.6713614403903407,1.3248040393162654,1.0566718807131044
Star_47,Star_47,295.3755304128989,-26.581130234542925,5109.041843560319,1.3344724745236618,0.5493435475498345,0.4667427080584803
Star_48,Star_48,297.4826919420672,-82.24198038930167,7385.683339328373,0.9034606768570289,1.1985052314631717,0.8013449769149051
Star_49,Star_49,211.68016683466624,-57.762910920927325,6315.427434352692,1.2039080056327252,1.583516753572872,0.18108970802862398
Star_50,Star_50,127.11704001782022,-19.400797181962776,3155.439766955899,0.7393435409222413,2.0879024181599766,0.2961621006476659
Star_51,Star_51,287.922011200482,80.60034563446136,6286.125954092193,1.0442457909931375,0.9416774753498312,1.0805262197666707
Star_52,Star_52,199.68732892381217,-64.58416856330672,5222.376579375526,0.9251137114794256,0.8849675953164755,0.5458093133126471
Star_53,Star_53,297.33563107800586,47.432851860278205,4784.616999541062,1.7930014993196126,0.5904976919117184,1.0859826428127635
Star_54,Star_54,227.32516532988743,-70.43714291255543,6717.514433261302,1.1356559592428415,0.6088835696297945,0.6265308022824447
Star_55,Star_55,282.385970356607,86.62636393042983,7346.499283743927,1.1838849143712964,0.8729409767207766,0.09743066811264282
Star_56,Star_56,215.4826775583936,-21.309030160355704,7196.920178674298,0.81388314234238,1.2465993252119796,0.9176202799195162
Star_57,Star_57,149.09078455763984,49.54221700183008,4541.173715166042,0.7836419087346933,1.7300508060543662,0.4730323046733177
Star_58,Star_58,344.8605095734095,-28.333605093996272,5336.181436223178,0.8055104574356237,0.6176042675463576,0.8596066440551131
Star_59,Star_59,194.80097695638412,22.980397888585568,6296.895147105346,1.2180193686699567,2.4488368124177087,0.6575632602620246
Star_60,Star_60,217.8322266745938,-55.43710474679339,7263.317690683539,0.8101853418349267,0.8498680637819674,0.187064531617139
Star_61,Star_61,79.37555018930973,-63.716216526546745,5081.238643232065,1.1559094404242585,0.9872614543446337,0.6992884296111708
Star_62,Star_62,225.23428419381952,78.85154512226363,5521.511535004274,2.8227184199390405,0.6386957915722369,1.3088669426458397
Star_63,Star_63,205.7787538138598,75.17651002279803,4140.497538990958,1.545832115913393,0.2335067822716471,0.7978959375543377
Star_64,Star_64,66.54182326092898,69.74440923831882,4005.690063878994,0.849581192112178,1.699658311825656,0.6327446740983611
Star_65,Star_65,21.451355047131738,22.57802102998682,7018.788733591297,1.8232250912928745,1.5559811919625202,0.9726030205870693
Star_66,Star_66,217.56935509731758,55.48827801893008,7834.360042856234,0.815431639834936,0.8446807494875729,0.7132005395609332
Star_67,Star_67,274.9292169661154,-77.57335135595251,5691.984817629499,0.36093324032846763,1.0410131590540468,0.7128602690788384
Star_68,Star_68,188.42449353192296,-29.737972459677753,7305.299346838036,0.604083312800878,1.3628301506724005,0.3225124483522693
Star_69,Star_69,81.63814511507245,-33.53343754371188,6342.454037571451,0.39243044780250674,0.39159485213615053,0.7201544077368796
Star_70,Star_70,239.94791160949256,24.416157951470385,4832.320368092313,0.8388220086675322,0.7280164707332661,0.9606330249250834
Star_71,Star_71,28.83806157945681,-25.92760077528471,6342.093408262621,1.009251724652142,1.6105227371737005,0.3991813543699926
Star_72,Star_72,159.06013372870365,-63.26877930413745,8107.054849698954,2.3122444036343595,0.4711524077842208,1.0773487463740845
Star_73,Star_73,58.81203302343127,17.364073574437867,5746.260941335073,1.1775825927154593,1.192598761596585,0.6224881927564623
Star_74,Star_74,66.40525838155801,56.58910572043467,8146.965483721009,0.8962371144051283,0.4431047491724251,0.3836691465384378
Star_75,Star_75,72.82582169695331,-21.217770997204827,1870.3823438653835,1.5139207223384847,1.3229419272995937,0.9492896230760733
Star_76,Star_76,139.21454053583204,-66.19163128227329,7032.853756562836,0.3310229222461379,0.9788421461121435,0.5639617292785193
Star_77,Star_77,18.414074023343147,-54.59612448369185,5930.570602357257,1.1250272741532448,0.3794323004321256,0.8778544662458324
Star_78,Star_78,143.20563873447534,-47.253005069510884,5351.488974301198,1.4702502096364274,2.011425375270547,0.5624724103224389
Star_79,Star_79,184.21468096129232,-36.01843326098348,5937.641164803254,0.4774512956559155,0.6435503917984567,0.6320521569410289
Star_80,Star_80,173.98594258787708,25.703112691135644,2818.6466280986606,1.7715892438280199,0.6149886527193842,0.7980680613002875
Star_81,Star_81,137.8022761450946,18.170187216789422,5470.4921682437325,1.1844140784565313,1.127881978191022,0.7372691172770018
Star_82,Star_82,302.0927789054709,35.29437508206705,6335.668857267619,0.8124962688686902,1.9920861568488364,0.05134046586447849
Star_83,Star_83,52.31760927138148,-24.74964278432763,8016.841067112274,1.3721665760555182,0.5436263681304169,0.3136268779716824
Star_84,Star_84,182.05082776129464,58.319577338396094,5022.594672589529,3.112251530052314,1.0377012289277592,0.9288229954372448
Star_85,Star_85,22.334910104359547,-53.26422099196315,4587.259595660219,1.0951957643628722,1.2934200351384497,0.6103590233295358
Star_86,Star_86,25.616044396047506,-5.57266544673229,5047.364434623195,1.1321407314811291,1.5156787589811236,0.4928806091685735
Star_87,Star_87,206.59170588375468,54.16896987745746,7173.103176553112,0.7947875364688274,1.111671716387126,0.24242779542275775
Star_88,Star_88,203.76663295961555,-57.57144340812854,6293.126664489527,0.6538206603800386,0.8023449082122104,0.3260791036172455
Star_89,Star_89,316.0920646240045,-70.22463952665908,5005.359694349442,1.5146250374151353,0.6086242891812158,0.04346040801141582
Star_90,Star_90,200.83452323762634,69.06311418383815,6569.901149670034,0.6517840960291134,1.0530453817777086,0.6196157843895401
Star_91,Star_91,345.52476734574606,-28.272660703344737,5945.61632402206,1.0364310395087768,0.525563947504999,0.47046872582568594
Star_92,Star_92,17.530145423974716,33.09662248362576,7252.967485799334,0.7875497596805987,0.17328627382560613,0.36002363270440546
Star_93,Star_93,35.28276652106678,-85.43725123249108,4746.920359183971,1.2706008678491933,1.2994432227004362,0.6295629724496141
Star_94,Star_94,15.863710165337302,34.20843991370093,5308.506780103347,1.1815546279137545,1.7200629769342377,0.7591911892558214
Star_95,Star_95,66.69966612007441,-33.101763921545306,5211.837770301763,1.6799599807158112,0.24225619365734782,1.2779593796629833
Star_96,Star_96,194.8572399390041,-79.96664635426049,3604.727577801822,0.7749101441155843,0.5456167772543946,0.19643497413103597
Star_97,Star_97,232.40598531387408,19.766297078661065,6244.180415596864,0.8737705489083997,1.4498970539020426,0.9978143129901567
Star_98,Star_98,16.410656861520767,-46.655313106828814,6191.582908269834,0.6130052014219426,3.436650419747452,0.9419304683045217
Star_99,Star_99,340.5495203444157,-20.3746964306616,5807.670184963691,0.8007979346938742,1.012554377374416,0.41627217818698986
Star_100,Star_100,303.1795355941372,-75.49545378842755,5448.119299937279,1.2076185098384173,0.6460994984201895,0.7109707863758093
Star_101,Star_101,106.78049357655352,-63.51061480290984,3676.9438869243786,1.46008449644454,0.896068995860848,0.5127100251987154
Star_102,Star_102,27.787510881528465,-36.364097610748125,5169.032015851962,0.6306005484849972,2.2817115735408087,0.7057065741256217
Star_103,Star_103,61.15934635886062,-73.84328989917172,5285.928225209846,1.5446586695012485,0.6786983492663087,1.102739304021365
Star_104,Star_104,45.69998895179016,73.94872764353674,4596.584096167571,1.9695772570703396,0.6190834482526558,0.831681869789394
Star_105,Star_105,44.38216054762086,-88.91153222688388,5558.071432500987,1.2296350912799834,0.7485284149565443,0.8025825119700326
Star_106,Star_106,186.68220791966422,-2.9051606044239464,6406.076285221808,2.555883371777038,0.5643971182081899,0.5209072040136074
Star_107,Star_107,88.5050792976241,-67.81545753614074,8629.278851815796,0.6791626752046503,1.0763785257395595,0.2047830005226995
Star_108,Star_108,128.930297950492,-34.61776389396926,6061.866719247759,0.5366939074932752,2.6506557841002056,0.5874595368378777
Star_109,Star_109,356.22192001835606,76.69072076728779,6186.325586084146,0.41091860541464714,1.213911224922071,1.0119824464591745
Star_110,Star_110,246.3531296131241,-60.894980410682365,5688.331126350749,2.1128170582747754,0.8594934273284653,0.19184964302310575
Star_111,Star_111,341.6330401369205,83.84981754929987,2921.8431770514376,1.3870550467454004,0.8393841915048121,0.3334731895469915
Star_112,Star_112,51.32035981192161,-52.957012141904094,5760.229186826175,0.9725903183571439,0.391443345567142,0.6878803208702204
Star_113,Star_113,137.57021093972494,43.48189952402932,5890.345314911539,1.1502557548376122,1.6987044398048472,0.3546035645458213
Star_114,Star_114,199.70344918164753,8.40190768151611,9494.863168727928,0.5696435163881614,0.9543714543140743,0.41224296586543624
Star_115,Star_115,27.632902279945686,69.20617096741665,5511.458552828316,3.396943272713652,0.8973691634301647,0.5229204254815469
Star_116,Star_116,1.5074797060648315,9.71878599056357,6252.321013500418,1.0667435439436124,6.7928089189787455,0.2403147787429553
Star_117,Star_117,241.3563601668903,6.220659448135559,5747.932345442135,1.0562209510034026,1.1963218743357606,0.35776344613508954
Star_118,Star_118,231.0550260485167,-54.81755993368802,4046.982943570702,1.4374681141023615,0.6369433052889143,0.8610283750361927
Star_119,Star_119,147.88397159986025,-60.07871483070143,7514.234221772531,1.2718908046961657,0.7742855407531544,0.25778906533071083
Star_120,Star_120,176.27186737153175,74.96804720079255,6927.899549030161,1.1184480023579029,1.991857111705458,0.17063835965154875
Star_121,Star_121,149.55948021315226,-30.989124206993868,6986.547920564571,0.6735202426222021,1.0703248990150884,0.4609925061398317
Star_122,Star_122,8.64181614415999,-23.025194106678732,4435.918817807891,1.2658377786292163,0.4219085110160803,0.8695866507529537
Star_123,Star_123,120.73377823828648,46.76825851710991,7904.191466404149,2.5625740669886903,1.7359197023212076,0.5909234576009331
Star_124,Star_124,63.74961194302434,-29.011773163894677,3697.2234058115787,1.9595405315400563,0.6697261032333166,0.5106256765653144
Star_125,Star_125,35.432708076492744,81.3712403950205,6680.285640700406,2.2179721074757817,3.0770725238696137,0.6633076392546822
Star_126,Star_126,344.4193562001659,42.826998419784054,9085.683438714968,0.7744456172238784,1.911768709407291,0.12628777014210443
Star_127,Star_127,215.76950101517963,17.5372636632156,4314.195512303968,0.6096913642332137,0.7646071263533792,0.7984116961325098
Star_128,Star_128,262.316262325177,68.56112889805544,4950.553405595842,0.9390435140090888,2.156765869568344,0.7650305094210933
Star_129,Star_129,113.5309475758023,-81.0709364970931,5949.477047631462,1.0282542446411624,1.0415534559401414,0.5272074577712836
Star_130,Star_130,141.53296661784546,-43.728715405942424,5044.786518825701,1.728226536386912,1.668064888358251,0.951777353538925
Star_131,Star_131,85.29263780282045,-6.293459840236208,3474.004853400801,0.4290283343250515,1.3375501446023026,0.31175117031408844
Star_132,Star_132,34.907641547552906,-49.14386289512622,5902.844462209041,2.148511248495597,0.6018097021724338,0.9883726979760707
Star_133,Star_133,64.45138947897017,43.90293371438735,4206.544429410843,0.9240362751511265,0.679682229638296,0.6963480996785754
Star_134,Star_134,287.1050563067349,75.45744558967053,6510.388645952772,0.8078001945821721,1.8551702865932143,0.549034223036548
Star_135,Star_135,243.9164898661593,-13.72137841243379,4420.863648649295,0.6028709082789041,0.818022694183253,0.6440379093895066
Star_136,Star_136,196.8943953547717,-28.41613197985891,8124.90160752631,0.43717210173587995,0.784907754775092,0.6178205702567175
Star_137,Star_137,171.0323542320365,83.07913178476193,4625.120061495644,1.5092084256953593,0.5637899377778309,1.0160848689253152
Star_138,Star_138,332.0763421162048,-9.92656209104265,5316.907725691487,1.0373392108248074,1.289377365376979,0.32699626175869595
Star_139,Star_139,26.184581200320626,-1.9712879191290211,7020.275826054504,0.5246727994274863,3.447036759042463,0.42124422825602054
Star_140,Star_140,101.01629276564975,-26.703022978457035,3953.703525349067,0.5233319115830823,0.5270184357775445,0.9608908676217439
Star_141,Star_141,125.97762728545706,73.71872514218491,6141.189901906194,0.845444842223418,1.0146377720829414,0.47133951944484226
Star_142,Star_142,281.67329239660364,12.411986990733135,7760.714131423642,2.3036867229448825,2.3334137713979164,0.9201599231994775
Star_143,Star_143,357.3052632583097,47.191425692696036,3388.7751481581586,0.8782748655015966,0.9533388904142994,1.159830794902613
Star_144,Star_144,86.6413853125751,56.125209303159544,6076.950787798456,0.471624822734405,1.3118299590630382,0.5294614919175099
Star_145,Star_145,314.750640289349,-28.46717245489353,6189.824191372635,0.8843772694042874,0.5286460747436379,0.8544086979725917
Star_146,Star_146,299.02419375544486,-11.935020362331592,6972.734307665965,0.8725269083426004,1.2930247722228843,0.3038923155980425
Star_147,Star_147,80.87666315103598,62.724919393127635,3944.573933682877,0.2596441286583226,0.8937880977737229,0.8764199894203428
Star_148,Star_148,143.7597288717201,-24.614036698354155,3819.3150803735857,0.9732177462826515,1.8065844121340602,0.7098271957960302
Star_149,Star_149,147.4822329453069,52.908324021333236,6582.912348425347,0.8909497369064011,2.0389431929189246,0.7919114846480646
Star_150,Star_150,352.159440669561,79.37861806339868,6245.477009849779,1.4163783875313056,4.729115490917479,0.4563283783893815
Star_151,Star_151,65.1210844964034,22.177867152241255,6175.739275518815,2.520552308308192,1.4159205768852656,0.15167497532984828
Star_152,Star_152,287.69686959772156,43.49291174134,6319.672314245464,1.7564285506342772,1.2158917886040066,0.8009756194248514
Star_153,Star_153,120.30937710231957,54.91751616740428,4779.962917632264,0.8742015309663893,1.1237042352497795,0.030979054256163697
Star_154,Star_154,263.1133244794177,62.107136801395654,6148.380545741506,0.5750703174922801,0.8090457795611553,0.5547948523272396
Star_155,Star_155,151.20396154643862,-18.890399185776726,6239.608709948022,3.6207453470716717,1.2251831047316635,0.9323545599259909
Star_156,Star_156,208.2095147219544,-80.77257734832033,4728.4728729604485,1.0300519285176417,0.8375780328396517,0.7075693207619108
Star_157,Star_157,299.7402383974072,-17.662271177386884,8598.661766717134,1.006988955506155,1.1063613700472084,1.234502793436944
Star_158,Star_158,289.4996033941983,31.27612136113616,6510.749381367681,0.9880099172768895,2.20462741396954,0.957532745774532
Star_159,Star_159,311.91234607429203,-8.936930559457299,4013.044754196027,1.1041130913040578,0.5466614775477343,0.4538304835023271
Star_160,Star_160,21.462237124077248,44.81336715487174,6784.830412950744,0.9303632237041924,1.9816446607823848,0.6581940139554316
Star_161,Star_161,249.13819909430813,-25.743162695640503,4337.977494659018,0.7506385734552425,2.2039893086715368,0.6357887892366693
Star_162,Star_162,50.395455619834635,24.253945398725318,6980.626905613678,0.7607659908172423,0.9316098980951187,0.17534697099616187
Star_163,Star_163,149.69468448662795,-56.444435126284574,7537.893368511106,0.9837567329482495,0.27995876923013474,0.36788032505469404
Star_164,Star_164,197.49182941968786,44.886498596092245,4568.976522472434,0.762073412885358,0.6944096684619204,0.48177172790604195
Star_165,Star_165,144.98621450885906,8.225274386344651,7245.064193866483,0.700176459057653,2.17754202221887,0.03913384914321907
Star_166,Star_166,187.0602032890827,-53.268410061611895,6419.171390404747,1.05465649193367,0.986372864265294,0.6642480404754929
Star_167,Star_167,358.7494711675029,-37.45598877039469,7033.090239991735,0.8803034435685438,0.5490414500191964,0.5752784466040878
Star_168,Star_168,48.6782329366277,44.74956754472983,8645.189473980921,2.1212308170397405,0.738698848892454,0.14813182960652777
Star_169,Star_169,243.1641763211132,-3.131777580926276,5431.917825995694,0.2656741013629716,1.655945286563956,0.7712638595831995
Star_170,Star_170,142.56034789882148,-51.114340729247004,4669.395753463766,1.725908236715188,1.3882446965914477,0.8647618234072878
Star_171,Star_171,47.88352760663836,84.10881426665357,4465.728355561715,1.864592622479236,0.8664427351886448,0.7181103436594667
Star_172,Star_172,57.14523481475143,38.72250356703982,4576.284572551843,0.35462474099938784,0.8024428454889309,0.552779547437309
Star_173,Star_173,341.7383182484221,82.28426985716331,5684.3474358788435,0.8425318637127976,0.790527456839269,0.8274326455255565
Star_174,Star_174,316.65653881623433,-13.121091835138222,6311.727962224965,0.8305057445309728,0.5749649993695679,0.8540661081430073
Star_175,Star_175,326.5351057494079,-4.481938675490316,6215.036198995029,0.49472370332166576,2.63590193482531,0.7422210709159065
Star_176,Star_176,356.95179929785917,71.63193891330344,7040.774873554035,0.6777963914117248,0.8241586085207966,0.4026163248695718
Star_177,Star_177,74.99354040306646,4.508881244169234,5819.502837816861,0.5739069965349702,2.075693080259909,0.7329802296533542
Star_178,Star_178,127.95816145106222,37.31020414302009,7980.301115735975,2.4016000956191075,2.4912625524653067,1.0086441952476437
Star_179,Star_179,240.91885077295203,-44.6088820508046,5403.014750143066,1.5965406528373234,1.8202730892824768,0.471011282416481
Star_180,Star_180,174.16891434983302,-9.589235633524702,9880.253749884429,1.8884899613776631,0.7718444895690711,1.2793818017397294
Star_181,Star_181,150.62023201620008,-67.77902415413608,6738.501021647509,1.4345282249005293,1.2740974609719313,0.49231071980438473
Star_182,Star_182,128.8120497608135,-52.9235935421469,4514.263665375576,0.568629678371968,0.9855875050054317,0.6597221040020409
Star_183,Star_183,213.7610274996428,-89.8301852518264,4193.661252908331,0.7693108744226609,0.5814553370406657,0.44825432119809916
Star_184,Star_184,207.2136343104295,-82.93229070324116,6523.708622864778,1.277221838717192,1.2148438731041205,0.7169812507760783
Star_185,Star_185,58.12482026312643,85.91108817184727,5464.805822011223,0.5427731030675774,0.4929123672995304,0.1273334922094175
Star_186,Star_186,169.82634150663807,-46.37633487538279,6871.0007411381375,1.4283204094098172,2.03930208286209,0.48618746035498367
Star_187,Star_187,199.24983943554597,29.39592771072035,6509.856436860317,0.8867761473170921,0.7567136410801694,0.3223636398954299
Star_188,Star_188,205.30329794330058,61.03794578393008,5690.756631014691,0.8291033993875795,1.1282816295767637,0.6906015043676873
Star_189,Star_189,75.63858944844665,9.118882662581566,4529.809422897392,1.4268653626331687,1.1852725201151735,0.9483342126526723
Star_190,Star_190,267.21770121082324,-62.43398998488789,3527.729162971203,1.2487357702781148,0.8561214909576744,0.8438018561343654
Star_191,Star_191,9.071674135585068,41.060958720509944,5130.227571899469,0.8348668040947267,1.4219316738364187,-0.06149780825766764
Star_192,Star_192,127.73946799553856,18.045253817924948,7084.598191485208,1.7854400325429831,0.752057726531751,1.262620895878364
Star_193,Star_193,280.87655347282805,41.625106082527516,6121.140616195306,0.5824385085707989,1.6867074572418994,0.7385839821862605
Star_194,Star_194,203.00145157994484,48.55439211427569,3931.391831932018,1.3606571797950946,0.4459324445078769,0.4170502578520999
Star_195,Star_195,94.01847570390969,85.57386618325411,6059.771388776773,1.3452106649226847,1.078776736408264,0.6971383756972822
Star_196,Star_196,250.18312296349717,13.241390404807795,6377.9760695932555,0.8566094176354094,3.2006611551052706,0.7028569467508077
Star_197,Star_197,204.2607398961864,-28.504599715691672,4474.2138456983,1.1771149783217294,0.5487025460583315,0.44994538491453095
Star_198,Star_198,286.6476994042994,26.723620242042674,6030.587658918292,0.5349634842292376,0.6658792159543396,0.7093750002026227
Star_199,Star_199,264.6090670283364,-77.68067233632729,5887.3130776689995,1.5872667464250654,1.3611701167484085,0.46775831371390786
Star_200,Star_200,219.63885193304446,71.53151729788554,4085.5445532540652,0.9116938206731346,1.1137682315248953,0.5286914021929932
Star_201,Star_201,175.74396311189304,-68.51141795912457,6336.681040522425,0.7700025054877399,1.2341445519216923,0.4441162592734747
Star_202,Star_202,47.945565240308426,-30.988289180552716,6641.176789552352,1.6896216242958229,1.3411296458177002,0.2201986130781042
Star_203,Star_203,94.07988643873816,56.83416851270176,7424.576864762916,0.7031592769965406,1.46350300601344,0.6937509410646152
Star_204,Star_204,150.8758102501507,17.516228099528128,7380.703078052355,0.4944888638556334,1.9460854729407377,0.8255898309549015
Star_205,Star_205,215.74774332229993,-19.145606350060426,3733.4959480643633,0.45917926630914474,1.2787604293656512,0.8044650788229116
Star_206,Star_206,184.93482787750975,-4.7815813124961455,4393.262440127316,1.353921201094449,0.8652346018845967,0.8959775757905702
Star_207,Star_207,103.74642934543061,63.81853077639246,6572.55290081299,0.5271792390332828,1.4971214345053991,0.7473020630044604
Star_208,Star_208,2.3271688042957983,-28.799210509219414,6570.678926368313,2.4046325138588363,3.1265468756904977,0.490182350534929
Star_209,Star_209,178.64611988429303,66.53694326619083,6572.571529459072,0.35311386725290206,0.9235039078107989,0.9018991593293566
Star_210,Star_210,102.82535588240751,-74.13580242419553,11579.09723598208,2.335505098834118,0.5572632203077686,0.24274473804741953
Star_211,Star_211,264.45898825579263,49.82371869755353,6656.3357660397505,1.1112758099203388,1.9430295944020572,0.379798585246256
Star_212,Star_212,8.620655497374056,62.558573949852544,7503.348460270899,0.9527940021484526,0.9303181092429884,0.36073997857302664
Star_213,Star_213,210.5380120700847,-57.27282248927902,7231.002645239803,0.7615042364209066,0.2715519733319264,0.974016817741793
Star_214,Star_214,338.9307255021835,-12.53762417300392,6777.086876958697,1.2208752959285758,1.6627169915939841,0.9328365542420227
Star_215,Star_215,62.78733616013982,-60.21004056054199,5327.096133039482,0.9813585898310666,0.725280420820085,0.7961915711134985
Star_216,Star_216,169.79381667021434,37.188743218959196,6938.453830739901,1.7361168797353046,0.947129005729793,0.9715789595635391
Star_217,Star_217,32.91191705416974,6.362598251098213,4640.762178193642,1.0587763180431198,1.2204116237320057,0.3862151652764036
Star_218,Star_218,225.24548841408694,24.358202407497785,5444.772089889987,1.078046795102815,1.1210881855629438,0.7545785359582942
Star_219,Star_219,198.19140501464122,-54.632345947881994,5071.954678256345,0.8337629862954666,1.5306172574435237,0.6124476714850507
Star_220,Star_220,146.65158871661964,-51.885744830564484,5922.811209079484,0.9719287187204733,0.7700561672286704,0.9040646311654742
Star_221,Star_221,187.69572773054682,-82.53048140821686,9271.987850010262,1.1663752751175465,1.3605152372288585,0.6154327302343408
Star_222,Star_222,322.76687704884364,-32.027843664768646,2999.1022111123775,0.4252473853064705,0.8557919285167777,0.5345171334769757
Star_223,Star_223,70.66594883198414,10.754039040061492,6829.390285561771,0.5096185822256942,1.5578182560100213,0.812272555568297
Star_224,Star_224,8.123224213925004,64.42828451951918,3380.9261932155223,1.450099314740391,1.4466065313772738,0.9128507501573698
Star_225,Star_225,310.1993584916763,30.046940542562528,5092.10220131585,1.089188277271976,0.5704879559897132,0.4494964415459595
Star_226,Star_226,207.76214965964633,-11.628661788044743,7433.42589545105,0.9121127490760151,1.918587560419856,0.6316772985942872
Star_227,Star_227,320.63704396626326,81.5616205909448,5896.420028643194,1.0092595735706713,0.7250040288789936,0.3324678099075042
Star_228,Star_228,214.90028042874212,39.464136103649736,4183.38283310604,1.189806694915363,1.6239065207507102,-0.09941830524788177
Star_229,Star_229,291.6579923854929,77.429736515259,4727.044436110048,0.7634712274100182,1.2465408410690093,0.7101378894241187
Star_230,Star_230,154.68241080785327,4.96583518898982,6819.396623402014,0.6776310164561208,3.0129215001064282,0.8326716068763896
Star_231,Star_231,269.94957526377675,-43.397230537234876,4704.450052424295,1.1028774494756426,0.874520459254595,0.7286200427260177
Star_232,Star_232,328.6949280803482,-80.49119645435005,6124.687884372962,0.613125036698594,0.8109165906653139,0.0651314846736899
Star_233,Star_233,205.96426693999427,40.695273267093086,5868.35775985572,1.2264531401824157,0.9884158553827264,0.5447451709770577
Star_234,Star_234,65.08265420245664,-68.16546035900386,4822.599478591274,0.42686315290537774,0.8336781438947466,-0.015504328015324328
Star_235,Star_235,96.76714141087135,-35.50047691104591,9015.916133987988,1.672932071988121,1.616018068704197,1.0609103322962554
Star_236,Star_236,71.51204768306609,5.844763419101531,6750.878533477016,1.266552625114284,0.37916403213602834,0.3241836253645742
Star_237,Star_237,88.86852993446385,11.594985800354582,2762.2861200135894,1.1365699001345277,0.5314163642731609,1.026621082837969
Star_238,Star_238,110.3095617663731,18.104975457684485,6079.681472154141,1.634513966519953,0.5269330633902655,0.9337608931052437
Star_239,Star_239,199.84816323114785,-60.07404053705388,4807.320302847418,2.2996046623616064,1.768593424401016,0.3798228942391815
Star_240,Star_240,211.6769866069798,-21.647267132103224,7078.650002194336,1.6606100461012172,2.7909108819877826,0.3101645146196765
Star_241,Star_241,153.53990900707,21.094960881054007,4611.218892350949,0.39834488023551834,0.9392538165614412,0.7551110649159015
Star_242,Star_242,221.55148073550075,84.56739563408125,5627.895337799651,0.5274039669569148,0.9036681886573035,0.39670278884507865
Star_243,Star_243,29.366973220091733,40.97360478594396,6557.4809184706855,0.7316819976534277,1.0429271196351944,0.6807453926474623
Star_244,Star_244,31.60376534093759,76.06867627691241,7098.632791255182,1.0131309892050349,2.007975461858678,0.5051517227579245
Star_245,Star_245,61.85860572875704,47.19817049655187,3999.555389416336,1.2954129313534375,0.5732623116675524,0.11565247566031002
Star_246,Star_246,186.50789929452412,16.50905440063208,5298.248146238578,0.6956755392533489,1.1537544797960575,-0.01914040573733766
Star_247,Star_247,77.03808433139288,-55.435793555457984,5087.582033258565,1.0978825632686962,1.7952038444665965,0.7180052745483791
Star_248,Star_248,101.98238525732783,30.003417340652348,4820.006151139432,0.6854419500700782,1.350745283488924,0.4815326761008124
Star_249,Star_249,144.11262102227786,22.208321872783273,8448.181360421646,0.7365641825726764,1.120470817742317,0.48407305492576036
Star_250,Star_250,292.27180464373674,18.44445068230796,6407.472566441434,0.4949341535346621,1.8232628223389304,0.8587591517281357
Star_251,Star_251,4.990368928629643,-1.8385437621166645,3908.674068497432,0.6302639222871879,0.1975152710615429,1.0020326829897335
Star_252,Star_252,233.77637528518406,5.15818871806961,7176.792920582164,0.5087277372906011,1.5018913167739503,0.5682365835914572
Star_253,Star_253,240.79555117464673,-29.800345118741266,8983.23429551895,0.6138917762875286,0.6754032156912123,0.5478203879270416
Star_254,Star_254,287.51608092838916,3.4762846756145716,7348.69789082672,1.6935398062331297,0.3334108591987373,0.8000429099341652
Star_255,Star_255,335.79105806171276,-54.43993697787391,3520.94505106898,0.6220719955827552,1.3589625254746802,0.24291932909012745
Star_256,Star_256,7.249625621744338,54.93139152486782,5073.648890700623,3.7291899273634566,2.2800448802613626,0.7169459164243092
Star_257,Star_257,55.362133984757826,-56.56014815423259,7700.366723779935,1.2797425826991318,0.9208398832879816,0.8155657915466462
Star_258,Star_258,319.0216658601575,-74.70606781989605,4738.495801571828,1.0968232662061228,1.7713194632316578,0.8540690625252888
Star_259,Star_259,165.06668238732553,-11.475715255711673,6465.729142219343,0.6510434535407814,2.631007768657337,0.06897418924926058
Star_260,Star_260,203.25263001604685,28.495339111091134,6961.951080144006,1.4192874355340646,2.201081151499037,0.42159341905731784
Star_261,Star_261,238.68979334033307,-11.210971511962555,4409.6042926328755,0.7498973765213632,2.675078478361431,0.38652102415296
Star_262,Star_262,244.46397761842945,-40.18425624876445,5710.7119659073,1.0629041301879425,1.5609217226671597,0.6799660863227639
Star_263,Star_263,335.42654519394296,10.470813100279333,938.0989898963911,3.5967917556302873,1.0463000543407335,0.7942233739303952
Star_264,Star_264,358.90179026820107,-27.539579625804013,4263.418537998566,0.953105241279278,0.38244153497443373,1.0990131222337944
Star_265,Star_265,259.2566859351385,77.91618422279396,5421.14777291026,1.7764849471821802,0.8627438090369669,0.501510355889578
Star_266,Star_266,103.39963531385429,76.07612512864297,3928.325227052726,0.7035697835307037,0.6029337490540636,0.5007282505072358
Star_267,Star_267,316.7108648259637,0.42692759497718225,8248.616955897452,0.9826578906007906,3.6787228138920023,0.9949016056636241
Star_268,Star_268,17.719529234674177,-30.980881076713466,3654.787933059051,2.423954549482414,0.8998461385319428,0.7389730815590916
Star_269,Star_269,83.18910703481863,42.683834512195034,5139.933269954525,0.7308964175769135,1.076723769740459,1.0302954533563922
Star_270,Star_270,323.0588582869374,-83.391670173048,5996.110865929137,2.474960110691531,1.3922083474778169,0.7366184009029509
Star_271,Star_271,92.22894519816778,-4.541578912142777,7961.909933599173,1.4245784818154588,1.0265066828925604,0.30286501438601876
Star_272,Star_272,79.43438146382945,-29.461789031339965,3646.206773230841,0.7548521415285345,2.7649723205092305,0.2500614935666581
Star_273,Star_273,49.725105530489,75.69645931845984,7544.745628232439,1.3719099177448426,0.6882593037704627,0.18454632528232126
Star_274,Star_274,309.28023275288996,-87.83945509091714,5815.349591529381,1.6262507707919223,1.1238547005502686,0.848615550427542
Star_275,Star_275,180.0209733087912,9.506677629302835,4327.737023428073,1.364659546588233,0.6405152480695844,1.0065790469261024
Star_276,Star_276,242.96155309949572,43.31944459199268,6493.1552113949065,0.45606845508002153,0.4529318951053297,1.2048086424159143
Star_277,Star_277,86.06389826701069,-2.696762245672577,6098.589543360205,0.6951910438784858,0.6927670700523776,0.902931599696972
Star_278,Star_278,272.89455156403795,-74.6274545707101,4899.674684261808,0.8835924802959471,0.9780230133132294,0.9988515732604958
Star_279,Star_279,273.60199618635545,85.0430502050224,5904.703127485028,0.963467315336998,0.7729187586334935,0.4759951002038946
Star_280,Star_280,112.53528896698805,3.2418776476976263,5222.02960470736,1.3638833684656395,0.6600414862884707,0.303075254976843
Star_281,Star_281,147.84574788370182,20.553523977422046,5970.276017876872,1.0929172534928984,0.43007723153419314,0.905023799725266
Star_282,Star_282,75.4884998748723,-47.41023911264868,6793.19601178157,0.51290113106467,0.9513594249936111,0.7753042256718202
Star_283,Star_283,351.56196839624556,-2.970344680775314,8179.025224218028,1.2093692291991376,0.40541979233233316,0.6822333123022678
Star_284,Star_284,232.4169277410282,-12.753091447502065,3943.2767517597263,1.3570223795424554,1.5778033236942808,0.766211444189897
Star_285,Star_285,336.4357970575856,-76.51874843964293,8999.5500619844,1.3229911873050153,1.0507076102982094,0.7469556447374618
Star_286,Star_286,109.21879570648794,-70.8911363614559,2871.868300716247,1.7166768581517007,0.41705761565925153,1.0351450579560684
Star_287,Star_287,281.4807286788803,60.74505353137942,5572.322357446626,1.5173434526429292,0.8306676979507597,1.0384956754450867
Star_288,Star_288,275.70911179850714,-46.83240860281376,6682.475809726864,1.2580841395343005,0.6368036941496756,0.8132661057021041
Star_289,Star_289,248.99603467195496,-54.907511130246505,6221.487801602549,0.9655254136309475,1.2110705327291023,0.9037408617688785
Star_290,Star_290,347.6300310960481,0.8840612250250657,4865.950720269109,0.43583982945717015,2.2350649043329645,0.8042187657274328
Star_291,Star_291,141.6799209982736,48.374483645252326,5487.816624464087,1.2396252417791374,0.3246188734789358,0.5116490803896143
Star_292,Star_292,47.05823649231262,-78.84962665578217,5060.498598011751,1.109427197210642,1.0714529745652221,0.8769694024739421
Star_293,Star_293,241.81518932786187,13.825425534886051,4915.952864583683,1.1454406596956817,0.90839163495604,0.23165147934222155
Star_294,Star_294,262.55152817179425,-68.5421202886968,7074.403145531537,0.5281503468905185,1.4960137128745667,0.966167465688765
Star_295,Star_295,207.02180644517327,-83.43701085138868,6335.523228947571,0.5824404851350394,1.1364597829680332,0.2916431180701895
Star_296,Star_296,74.45444152802266,-80.50608861080087,4760.635607109019,1.693125834387832,0.6368751757532315,0.7357409860384199
Star_297,Star_297,181.60413900096793,60.14953947751944,7149.399813149876,0.9804167163545248,0.8257754775148096,0.39645381247215233
Star_298,Star_298,112.38830516488659,-68.76495294694892,6260.949281314914,1.4060021867504622,0.6202606326201583,0.8160166949223281
Star_299,Star_299,153.88795014000806,-81.87275440578745,7019.29317825844,1.0142599041598583,1.907139133198729,0.6398224322216274
Star_300,Star_300,232.278687304079,-11.17802031427579,6744.443262885418,1.014989299169341,1.0128690923269734,0.1715732125510002
Star_301,Star_301,268.27730736870046,61.91882494956446,4556.5074836168915,1.5986218318747343,3.129002962429273,0.7762098893055437
Star_302,Star_302,83.60088872448353,-42.76649223192565,4959.728439704545,0.7725779538963928,0.9642579007160154,0.4766237669501869
Star_303,Star_303,145.9171298329032,-14.091728845335052,6920.940407684892,1.0492340150487096,0.6537409805720538,0.9143440162440107
Star_304,Star_304,96.89816555698651,-82.81394413852477,6715.555398150197,0.7936302197991059,0.40323787300683067,0.6503977066203221
Star_305,Star_305,71.50738099027288,-9.165867455722342,5768.647609053778,0.8047302799129334,0.33895639582706566,0.7686262956164115
Star_306,Star_306,282.01939919850184,13.970354514684063,5975.991074963173,0.8567697538781894,0.3865548270393861,0.36272931349543636
Star_307,Star_307,327.33096999731725,12.763269675386063,7716.497343682638,1.1174696472250618,1.173834793667039,0.47320033057179145
Star_308,Star_308,133.28358684644763,-30.16319540861427,4912.642916746255,0.7871201996080597,1.3569438662577027,0.5124084091696747
Star_309,Star_309,270.46041277455606,-33.20402748063561,6620.646071755056,1.873630631597109,0.38723852923080343,0.9070107440727667
Star_310,Star_310,322.91830417118797,-70.80774859141238,5496.711021349159,0.6393497395385862,1.710905886527882,1.1532131263416467
Star_311,Star_311,304.60471579088335,-23.976302283671693,5473.478195159169,0.91079646857282,0.7483858206277133,0.40844847447713717
Star_312,Star_312,65.81281987412133,-72.09095960286636,7448.1652779807855,0.8026267206138075,1.0920709057184537,0.9730544433973041
Star_313,Star_313,344.2650773448101,47.98727004816929,7038.124523482044,2.0616135278942442,2.630916795664685,-0.0009032253177105857
Star_314,Star_314,135.6035185546065,83.92937359467345,7020.264454000958,1.1032687764689102,1.7127556925369563,0.2917431796723132
Star_315,Star_315,122.12663802258108,84.61340220000724,7758.218210731494,1.6751827599357374,0.8511912936740763,0.36236646314396764
Star_316,Star_316,22.47527782000092,65.71279788757089,5831.505762449138,0.47578929204869674,0.5858360332791606,0.2442473931677834
Star_317,Star_317,175.02251547775788,18.14258688113144,6822.9294569424455,1.142849988948227,0.27497111016004766,0.17492348306372604
Star_318,Star_318,39.24490163073433,36.155825503898384,5334.599865109816,1.5602021525152556,0.6495392643230352,0.7738996736413393
Star_319,Star_319,89.47433553387336,-38.66295551752547,6286.249528732663,1.042000053461413,0.8810171882568381,0.5857796906816416
Star_320,Star_320,114.0993438362213,23.538675631071715,5604.785418448473,1.7035940859045244,0.5530495295444368,0.7638216192815329
Star_321,Star_321,291.17747645700626,-7.983081100822059,5945.493947489077,0.7720976671938495,0.9242670996242582,0.8571418058364539
Star_322,Star_322,315.17591414252274,-3.2368788401521487,6692.735538155371,2.023186452129988,1.0471907785667416,0.7296850979517601
Star_323,Star_323,108.88787428612909,46.39978086752843,4572.668975149792,3.1564534198229475,0.8737914135415922,0.8473289528451121
Star_324,Star_324,309.1313236480466,-39.2546959924947,8938.58091352819,0.834085569790071,0.6770558260804173,0.6291403141273192
Star_325,Star_325,308.60313745312476,-32.75286989498642,4290.973927750447,0.8003138940558795,1.1064899559811248,0.29390198350827657
Star_326,Star_326,275.27434213855446,76.4355224031546,3978.717080818402,2.068228075571471,1.3036452640726457,0.9673442542462388
Star_327,Star_327,52.810241045465354,-79.879626926825,7537.166310250102,2.2029251103874072,0.5198372763551723,0.4732663601656619
Star_328,Star_328,248.51622488426244,-2.5858262855987313,6987.494040944403,0.7699497595685834,2.331610960081129,0.36932111037127224
Star_329,Star_329,340.20866324900476,74.3041440734151,6736.179725578233,0.8105085340089243,0.9425626597555692,0.5966246372586805
Star_330,Star_330,245.71457235617655,19.86534140726826,6742.51826389642,0.8685828491856059,1.0113739710488796,0.3761567242110461
Star_331,Star_331,119.38206567882023,8.353273358183774,5781.629840729628,0.5105711614410062,1.5294812933277484,0.5247708854031704
Star_332,Star_332,180.20855427509926,-45.04604773871606,4454.118442771252,0.6317092910079367,1.1501929130191975,0.7532161764690399
Star_333,Star_333,232.4610156063793,-28.210411968399313,5913.70683729059,0.605276207764039,1.771598028708189,0.7545025217738381
Star_334,Star_334,183.8053471422613,63.368714844844725,4784.2574327318325,0.6812003730535189,1.1880038944849853,0.38065098007231113
Star_335,Star_335,43.183059023149134,10.659263718322464,7262.679600126627,0.9828070709193212,0.692489346756388,0.5036883881153766
Star_336,Star_336,112.34305607472743,2.6535948762203776,5579.413927746792,1.1242401286781654,1.24222250139049,0.9722999014310731
Star_337,Star_337,288.8625709993077,-72.07565156279479,4561.754204811233,2.171135378034868,0.5034676977003001,0.7989200353201823
Star_338,Star_338,310.1104965943863,-87.11493183807784,5317.92123752051,0.6070300275475072,1.0673039794654937,1.2725195118045625
Star_339,Star_339,49.428011777605285,83.46333396366884,6419.397181413437,1.6358477953710457,0.9802594530109945,1.0040384521224583
Star_340,Star_340,342.85923086354086,-22.142489888368505,4954.413170794038,0.8985306848791745,0.8826115337007825,0.9932879205679818
Star_341,Star_341,118.37614242549935,18.578351177910776,4566.669406650353,0.9755714717406063,0.9257764326922767,0.23363943486325947
Star_342,Star_342,238.4329459430592,-75.6512868262887,6165.530817237868,1.40131312868603,0.32332106916213443,0.8791581054900268
Star_343,Star_343,270.6570525444052,32.96057143014838,6167.449856663085,0.5704321709543522,0.7194739603345106,0.6340679594909269
Star_344,Star_344,292.30064446963803,77.86200756707296,5039.585236943305,1.210707468057051,1.0572877902943174,0.4847054589385252
Star_345,Star_345,340.4698928013348,13.61974553953554,5093.442541572515,1.0867875078888334,1.1006642213937703,0.7004046021597585
Star_346,Star_346,112.65103729037614,-67.2992419724261,6148.074906036454,1.2791881667722365,0.53977381701129,0.933563460383445
Star_347,Star_347,309.06232363855963,14.70987494522581,3627.8734877540137,1.1555591298594319,2.1370464336289845,0.8002494773012635
Star_348,Star_348,47.407285237034536,47.942498358837426,3688.804338435167,3.413199325125624,0.5946960115632011,0.38645785959738216
Star_349,Star_349,253.81472628729338,-16.84502341667664,4722.333668121346,0.7269700549945235,1.7890313360217807,0.872737674077786
Star_350,Star_350,267.1119826250349,68.37079462946421,5479.829272432229,0.7668236103729912,1.2921617837256816,0.4587237373772109
Star_351,Star_351,243.98036683247537,26.762931604325605,6266.361348397007,0.7322961552174029,0.6785912058934601,0.7150049356892859
Star_352,Star_352,90.83330500865507,71.86480529205645,8013.034325424328,0.7574948353966089,2.901380144171785,0.5589949797568597
Star_353,Star_353,314.2955329254732,22.230956024520697,7086.489434803029,0.727098324525672,0.4886141799174694,0.5843401244793123
Star_354,Star_354,60.7890468133422,-66.36816503913164,5560.09220505486,1.8121396343544731,1.7358418366481394,0.8798728925121528
Star_355,Star_355,19.3085249474991,-34.25549200106596,5771.475688145967,2.034504141300823,1.822755543212432,0.3379418840552307
Star_356,Star_356,258.2873966202884,-53.676909314557754,4296.205953043287,0.7517336948988157,0.6687318472455946,1.2335585222830798
Star_357,Star_357,171.17125748378413,73.58876958903521,5772.230296011415,0.6595629986285901,2.305918733822121,0.10367417921165113
Star_358,Star_358,305.6752871851234,46.872012111746876,5367.012041619793,1.2658043604785576,0.8606839554684536,0.4706996950235429
Star_359,Star_359,138.02297078097322,31.751706403801087,6284.077840507134,0.7587283110375487,1.1891231390486925,0.7610635669825223
Star_360,Star_360,60.58029186277662,-35.826062466308095,4559.153584671516,1.372269459232892,1.1690519290367598,0.8252942499305929
Star_361,Star_361,301.1191892891531,-56.871941030961565,6579.019771361758,1.1067873177993435,0.9225762553272989,0.6198572838284883
Star_362,Star_362,197.6074673904258,46.161195838004126,8099.108369503867,0.4686626538572176,1.626588641728253,0.6327827890995371
Star_363,Star_363,68.11048526052775,-4.65156974176566,5636.859777314714,2.1678862200317623,1.609773091860628,0.773165025598285
Star_364,Star_364,259.3382394911205,-49.35788061288676,6402.567583148412,2.4545386882119318,0.35024611568673375,0.5806791567626959
Star_365,Star_365,184.0009098562202,20.991956069749516,6835.215987566668,0.7360962861458452,2.1871605405106425,1.0679543773804718
Star_366,Star_366,217.55267360651513,-82.73990661507864,5198.169292171246,0.8237808196979095,0.36880206324936615,0.9018047342694807
Star_367,Star_367,165.92340175436948,-31.28935425691437,6136.138722715626,1.1536521529129715,1.8580503194337774,0.9118473053016904
Star_368,Star_368,298.3352341744823,-5.659740973595763,5818.888601172693,1.182024202891143,1.966043371168907,0.3601529829888749
Star_369,Star_369,298.642577645898,-63.36749986030695,5946.514147823247,1.3899560616738693,0.5196603477992056,0.6261834726782891
Star_370,Star_370,255.37997585677905,87.23780596635112,4640.4853242168,2.7321866775846426,0.7815402923245022,0.5598602153837889
Star_371,Star_371,37.94449586272642,-52.36247437386943,5836.765261388414,0.915327262474062,0.5150852793317852,0.3483195872931603
Star_372,Star_372,301.9873902854648,-66.5364365922122,6546.997436868174,0.670890984603029,0.8790156139244245,0.7580492551837301
Star_373,Star_373,241.56467299184754,-53.36372270035865,7976.715411692562,0.5017468275945143,0.8312534218481904,0.4887062726660551
Star_374,Star_374,250.92869976154782,48.43100396875036,7238.90623912781,0.6938739106176964,1.5964721990926463,0.8466211489550711
Star_375,Star_375,130.6738225453938,-13.408981331068295,9029.773686267334,0.9835729338674704,2.1950070265237107,0.3289425311317005
Star_376,Star_376,316.54064021652243,11.774869155456841,4648.9786556679255,2.452919460703876,2.310376010681311,1.1657121838525464
Star_377,Star_377,261.1337760845487,-86.21835174245507,7108.480955081017,0.7719730417978209,0.7136941170366368,0.3811002024223815
Star_378,Star_378,40.53256795051001,-83.80236445680337,6075.013008607528,1.1183942775220101,0.8820265474781716,0.7157907011601309
Star_379,Star_379,146.80009238621855,-9.75140103113709,9084.704399826509,0.9918221738120914,0.3641960653341313,0.8875577931164202
Star_380,Star_380,319.09693030565103,56.99794377629223,4587.552571967272,1.8115750073824954,0.6166078454416329,0.4788078709399662
Star_381,Star_381,16.990812611056437,69.34299816736174,4540.417236728836,3.5376625517444666,1.7840944576305124,0.9057405930298852
Star_382,Star_382,346.10998307113783,-74.39281783278476,4900.911031833967,0.7668727584712101,2.6362295462541665,0.28124492065987516
Star_383,Star_383,244.4985245950426,6.905358378184101,2614.1564135352896,0.7829239444303435,0.47682328752980935,1.0856353097547682
Star_384,Star_384,227.29535195161557,74.38134353026868,5011.367467478858,1.6855306474597591,0.7008379730836027,0.6542447794897275
Star_385,Star_385,97.4013323356769,-20.164904208380456,4661.301007669453,1.4062769409741682,0.9842813931375919,0.4710765776093361
Star_386,Star_386,89.56504394610374,59.32184965710635,6025.590679714312,2.517719830792968,1.1830510005789103,0.5602454682717697
Star_387,Star_387,339.1409590158944,-65.93478220810148,6312.633963665739,1.3390549348792045,0.6152281453287655,0.8926757808178158
Star_388,Star_388,107.3780835242842,78.37100814020377,8614.256258823829,0.8355659114793618,1.2897348139742426,0.4746634124448686
Star_389,Star_389,279.18190681883976,45.256197155634474,7225.635757279076,1.3435661908679093,0.7525381332388847,0.42519269317316677
Star_390,Star_390,141.5238473545485,79.44019070164231,4934.644516506395,1.7408122075977164,0.9913661253019631,0.5835390207248786
Star_391,Star_391,50.13146548249343,31.791102039451165,4452.377992977463,1.5071811085099391,1.3878704872067644,0.2969113661690096
Star_392,Star_392,3.857507170329222,-24.58729224010314,6537.8787572597585,1.2887039398730669,1.0038607956307124,1.1961631723825448
Star_393,Star_393,195.9326413254903,78.87261105445003,3819.650189469037,1.7046117032928212,0.7696406708288144,0.48008162263558307
Star_394,Star_394,351.2803746776158,-40.39798026434787,8547.18814878153,1.7943588925594276,0.936350054701682,0.8994850358541211
Star_395,Star_395,132.8890297713136,-30.208946028888143,7569.16018108193,1.995868902293916,0.9483631546812112,0.7128410250943318
Star_396,Star_396,128.58924023749614,36.14551524031326,5096.236521842943,1.3831381563083516,0.8009100639509601,0.3546397848554096
Star_397,Star_397,123.87298242579915,47.75693391456953,3230.298206363683,0.9198367777589628,0.8561774374332252,0.6482135872361812
Star_398,Star_398,187.39578142974904,77.2926270928477,7830.80856124812,1.076114472558098,2.609577425539422,0.8852008337932245
Star_399,Star_399,158.6393580327457,-53.13556636988229,5628.190232121073,1.8280585156227624,1.400111209417685,0.5935215994741081
Star_400,Star_400,316.7692656217252,53.63964633946031,7656.724467960193,0.6646678508610152,0.8375383788691275,1.0079338837553085
Star_401,Star_401,181.98748502045652,42.93828961145342,3408.3585118084493,1.2024205551794338,1.5191829276157394,0.9564546178345592
Star_402,Star_402,182.79282174788477,-78.51697987435239,4900.937465569341,0.8214621587543203,0.8184919691771421,0.9256744563974988
Star_403,Star_403,49.813774099400376,-20.29983458216275,5807.865549577275,1.0144761911652234,2.0215706980505734,0.512102968318101
Star_404,Star_404,353.78623472773893,-39.10221772918226,5870.470890647113,1.8950134408454133,1.2483033574871056,0.3260472656655539
Star_405,Star_405,89.99024071277869,-35.19172361627453,5124.901792781135,1.1002633211384434,0.9376474191534964,0.4659237183911617
Star_406,Star_406,26.41106428545696,86.93043831984615,6734.274898521248,1.0234899164855722,1.308171231613191,0.7088722822000162
Star_407,Star_407,238.73264963107516,25.69993442638702,4198.569355926108,0.5066534343882413,0.38964247493812865,0.8137360140597066
Star_408,Star_408,214.33189325647416,39.181708402829926,5586.430772468059,1.4522684511322417,0.5086167559240996,-0.00147142142813421
Star_409,Star_409,149.45243543738846,85.79117471670165,5980.443447567848,1.3809091554820956,0.4885297034908761,0.647566039516475
Star_410,Star_410,151.9892041970441,-22.103679157625034,6571.6582510881235,2.9494755109686928,1.0895511874983927,0.6974267675969553
Star_411,Star_411,282.6230115767152,54.33123032150507,6867.422317133334,0.8573670827667191,2.827828208903294,0.5667367231053345
Star_412,Star_412,70.45655043587367,-11.784426605190834,4113.036862243196,1.1158039358828504,3.814387447847708,1.0373821517047637
Star_413,Star_413,295.2911948201603,66.51606092669635,3498.8287438965667,1.132799317939127,1.4664296851065168,0.7765340222752612
Star_414,Star_414,233.54896100220654,-57.48164256396543,7716.515232847763,2.2005924947081916,1.3505429340445967,1.0430575724242692
Star_415,Star_415,150.82911856062879,80.58351187157032,6298.4710179693875,0.9534695721534097,0.33938007294831807,0.5852118438949303
Star_416,Star_416,164.8903019701927,-50.62109248604166,4677.27019516517,1.1497111798608788,0.7220908768184737,0.9312432477520775
Star_417,Star_417,92.39299458699449,-31.280308743432325,8126.727963283784,1.3551989293146571,0.6233355814867125,1.140519918358256
Star_418,Star_418,270.7611597709109,46.11460213922049,5973.511951439288,1.0977960308503774,0.6890037543834991,1.0435080347817984
Star_419,Star_419,184.63490722989638,-19.124074518226795,7568.945776095739,0.7999413973776784,0.9040358239147348,0.3223575219713801
Star_420,Star_420,115.5076353899437,19.478047817960398,5901.277722115164,1.1019099545407611,0.7533281570212318,0.5738971767372857
Star_421,Star_421,214.5780416739421,-9.976769807502869,8891.121887322981,1.7105515714875323,0.3049584057619778,0.546450588365061
Star_422,Star_422,358.4644027384763,43.62658867616073,8433.011263664806,0.5985425574237191,1.5663469952936322,0.7967763605228984
Star_423,Star_423,156.69442067635939,-48.90037457365005,5426.55377728139,1.068744758654024,0.5253735133027438,0.85590606650436
Star_424,Star_424,331.44890428030305,-79.47756229736214,7257.356426431533,0.7046455225800652,1.154362355617288,0.39833219779227913
Star_425,Star_425,124.2060623728438,-36.012708454848074,6768.063924377721,1.8176115689112764,3.4710238283938226,0.6703515541750813
Star_426,Star_426,19.703774492994917,-4.624440323682553,7852.947336298523,0.4669218162316505,0.5760097133625093,0.04402180035315913
Star_427,Star_427,73.5271582926344,-59.756390605317854,4352.614809129844,0.7561912764435659,0.21911194538000298,1.082583501740567
Star_428,Star_428,150.73025159796632,-26.136487861850036,6829.077189997659,1.2075650026671745,0.8423138985134037,0.496287727796992
Star_429,Star_429,79.06857429404485,-18.003056707157665,7387.636730274382,2.1875058523743176,1.9359066718418434,0.666759181953349
Star_430,Star_430,0.0817337585719935,-79.66946813611077,3161.8907703653285,0.9676593831533192,3.23817037922505,0.5571050858035818
Star_431,Star_431,329.4005535891098,14.995304673156816,4025.1122310013375,0.7575999801233562,0.47819831065937035,0.9938082725040245
Star_432,Star_432,303.7965880431344,69.18181703483175,2741.151733359849,2.561462884961706,1.347188103516689,-0.20125193241921363
Star_433,Star_433,267.225203335301,-62.68627566845056,5395.889748333164,0.48480576625465965,0.7563989925740536,0.6450168973022273
Star_434,Star_434,60.413254432570305,17.605442412272524,6876.313383693943,0.3330698742902505,0.9384093550129002,0.6182543727506906
Star_435,Star_435,43.33088743559498,29.653056883952328,8053.535578144042,1.2460857335575108,4.887133856382956,0.5139090837224952
Star_436,Star_436,24.337709810057934,-14.5197575245281,5911.142170629662,0.7780012779651978,0.40584571779285206,1.1678679636906897
Star_437,Star_437,260.65050795825164,36.197565725568595,8242.923318356938,0.6001255422525963,1.1644440896849324,0.38380116234326866
Star_438,Star_438,334.3708658476387,-16.068322171617833,3729.847812677663,1.4250091341781892,1.323944983043951,0.8815388531706984
Star_439,Star_439,154.9928955286933,0.8347118359382821,3244.926340967268,1.1296415351714473,1.9183621880803594,0.7568758366118251
Star_440,Star_440,42.89064191857734,-88.67645198020314,5716.6784516550715,0.7542440305682662,1.0605523868759315,1.0284557757606547
Star_441,Star_441,184.46141546355835,34.50962054424399,6376.098173408961,0.527212176593482,1.2030142997970217,0.44984327456674844
Star_442,Star_442,125.57948668510684,29.041682210050396,5750.95787785886,1.546862466287501,0.7905794349165911,0.43010933026287235
Star_443,Star_443,134.93697276599917,-83.08784208125797,2698.836849940185,1.3841698712129373,1.1752444455759117,0.9788209722432195
Star_444,Star_444,223.67902469605463,-23.714980668876045,5666.3199407308175,0.9516214765826706,0.8139019577172851,0.7775963924990331
Star_445,Star_445,258.73852077439284,86.22573134250013,3843.2957492427204,2.5176312971240646,1.4520017678270862,0.18651879599697244
Star_446,Star_446,39.81729559433791,-14.267418737648976,6804.508823245058,0.5856444681537818,0.8011026389358034,0.4882084956610189
Star_447,Star_447,12.812483090331499,0.35017292373150877,6349.897369145272,0.46637624148185003,1.253901933674482,0.7659147961544183
Star_448,Star_448,357.95890896685734,73.78742846874934,4390.180320508967,0.707545008707405,0.9825955498506426,0.9013292664639767
Star_449,Star_449,83.78220560959866,39.107137655836155,5029.199623994959,0.9774647900527613,1.9652710022900552,0.4462308040421135
Star_450,Star_450,19.378988967045267,14.772623602360241,4211.179717166573,1.1293810334727794,0.9696343530653224,-0.2242767969450823
Star_451,Star_451,68.3551184745312,53.604842641393056,5705.981354090242,0.8863724635793531,0.3451350528810374,0.80696695572111
Star_452,Star_452,14.024824685447118,65.58592796207519,7232.713480751858,1.1924710875640712,2.1321969933744422,0.2839037930168073
Star_453,Star_453,141.0519220621818,-7.760147087291964,4321.410930496684,0.5348495898422917,0.5807474022030681,0.04479836056327664
Star_454,Star_454,288.86464240247676,-4.480494312269629,6556.069773276767,2.058303916236067,0.6755285866790626,-0.1996977774952422
Star_455,Star_455,122.84800191277942,-20.510831582669557,5004.613572441339,0.9597565799773273,0.6994948995797239,0.8941942580593224
Star_456,Star_456,159.90602647621196,84.0071052033229,4610.690751606484,1.7483070431676595,2.2811115723697712,0.68858523512149
Star_457,Star_457,243.21123848427797,35.48992577226307,5639.454460068163,1.1869211354452938,0.27764706328574373,0.5823030857863245
Star_458,Star_458,183.20186522515687,-75.01984808254699,4247.136516370939,1.256558468284768,6.570888900312851,1.0667073088888286
Star_459,Star_459,310.12044696767674,65.33273219634331,4969.526041979227,1.3296073061681581,1.8844463899686825,0.8411974049069217
Star_460,Star_460,311.77284301647234,-3.4992106494717468,4003.183161116727,1.2508887266524156,1.1433280465353586,1.1348900128165749
Star_461,Star_461,3.5678503768153114,-77.62429684395225,8747.087699374584,1.3790038351734084,0.9676000966404995,0.2321793583499011
Star_462,Star_462,280.0966703339517,8.949105929395989,5852.895327957593,1.9436667473177687,1.1868852574099573,0.639634812813811
Star_463,Star_463,165.8640960870026,-14.910429784373626,4750.411738011122,1.1032502379525333,1.3670750493837358,0.16498598751559576
Star_464,Star_464,355.9825948693187,67.99489287527248,6120.969866101333,1.425470420360335,1.4727469810870584,0.5811853004433598
Star_465,Star_465,173.96354731515666,-53.280971350310274,5631.507925463756,0.9561238279793408,1.395653381704326,0.5754152438699969
Star_466,Star_466,355.2825403397871,58.76362970859292,5468.545600700166,2.0545536198284062,1.0552190848703051,0.8379840911789213
Star_467,Star_467,271.6449700340652,10.38396441338149,6721.250050065138,0.7130554076275083,0.8883379339044595,0.6636691643425695
Star_468,Star_468,89.49775846079028,-80.17014542157557,6936.261565070958,2.460759928969659,0.9132332357283137,0.8370221414839747
Star_469,Star_469,193.82219254330477,84.93215423858723,5004.2482785842085,0.9801212648574574,0.8896341499745957,0.8610320399416683
Star_470,Star_470,357.1688302122898,2.2707439385759853,4936.27263903298,0.48900256160789923,1.97439507070195,1.2964786032149427
Star_471,Star_471,308.71101879069255,-37.64216623831515,5387.422454272534,1.0661480581857659,1.4277989081364768,0.5554110034141627
Star_472,Star_472,35.0520817648396,-5.506768441933545,2347.118252896623,0.711396151855973,0.17131810614263174,0.3676931898000863
Star_473,Star_473,254.2939188515986,64.41440103314801,3527.213406702172,1.522451362828139,1.4822192618814476,0.7238250845949227
Star_474,Star_474,124.40865091349269,-35.11743761068857,7850.311401166787,0.7215800268087763,1.1239415145860234,0.409315991858137
Star_475,Star_475,2.5136142769253222,-55.318248632393946,8267.451570251926,0.8000414688402092,0.9888375142125775,1.0945882305309609
Star_476,Star_476,145.25314884971985,-66.76717555244134,5426.445940665432,0.3887688353999759,0.7920655924449808,0.5650345883164303
Star_477,Star_477,84.51159182098966,-36.38530828976197,6664.835444583649,0.7975959328166421,1.962987665915518,0.480327089637803
Star_478,Star_478,294.79293738736976,50.408655667207825,6266.875231815304,0.29761943769687305,1.7656446725639416,0.5086052836546647
Star_479,Star_479,121.43901918447557,-5.107254264852896,10418.321212682857,0.45296002077985115,0.6289354814877169,0.8655252270414923
Star_480,Star_480,297.9085298233741,-49.0533113351628,7479.362367151865,1.4625877935093567,1.2766396753465155,0.6026759050305545
Star_481,Star_481,0.21525798052631107,-60.08670007024514,5608.12361277885,1.4812703723995604,0.5582245150943139,0.4574999539608854
Star_482,Star_482,110.81489400940289,-30.108694228131764,4366.689339099361,1.2370490943896066,0.4370223684232226,1.1496055752870593
Star_483,Star_483,86.8194771507943,79.1863871194276,3390.330519613641,0.6166287909380629,0.6865815054453484,0.393149047801475
Star_484,Star_484,84.08424998469995,-28.255191733795613,6105.195453800835,0.976426619362735,1.6777205949599812,0.6606698222098981
Star_485,Star_485,24.547183115566572,87.86233367183436,4665.473882073545,0.9982003517670835,1.7715857106132622,0.8456918454830692
Star_486,Star_486,67.36473734778062,-2.658517962235889,3666.619435603489,0.5603563577043118,1.3604986025185344,0.16059946687487806
Star_487,Star_487,199.99784515882317,-57.750494707772845,4830.14067363621,2.1206001768029425,1.5450518537879405,0.7940781504217775
Star_488,Star_488,104.88998622158802,70.4052165228317,4177.677994578407,1.5506607730583337,1.363025651294264,0.33346769735586523
Star_489,Star_489,150.26212163849326,-7.136032835731161,8330.712452608846,0.8954023694647331,0.6805261995888687,0.8968348342502007
Star_490,Star_490,135.67207692498786,37.7408418308144,7122.459635424176,1.0135336817869403,1.2958327346158667,0.36120469642430714
Star_491,Star_491,315.32577299996206,87.06808497764732,5788.041038025074,1.1098128571786274,1.6164715449253915,0.8578307095546582
Star_492,Star_492,325.90763964378556,-80.96843694240468,8019.916208335039,0.3602822834094371,1.5723554754868154,0.9817499198884139
Star_493,Star_493,177.4645097961096,-72.59497923823791,5916.052461471428,0.8837432574648669,2.040812520426653,0.9084309576898415
Star_494,Star_494,118.85614211361758,39.682213463296115,4508.073698007604,0.7110645085292076,1.5295633588794952,0.7253949944714307
Star_495,Star_495,38.448253440850905,-39.27149940681504,8084.686115904486,0.6060395657985823,1.2347504989457248,0.5806097171210901
Star_496,Star_496,343.2250365775542,-56.82574854898217,6608.365065526988,0.8688800925942692,1.900448940983773,0.47707412709954683
Star_497,Star_497,21.681700164107085,-82.91486163244869,4244.130768510316,2.456759643166472,0.9842131834481062,1.0913104072451312
Star_498,Star_498,107.15409992458096,-86.06759184248368,5514.491982874588,1.377708250470827,0.5891203476991939,0.44015143394970707
Star_499,Star_499,107.30383242120149,49.407408561562356,4486.572619922864,0.7515710763965971,0.9067938174428117,0.3388801779290012
Star_500,Star_500,115.34446301047737,-65.801983073481,3725.8004035534955,1.3314803797014532,0.6395812671184982,0.849610680509849
