date,channel,messaging_consistency,customer_engagement,synchronization_score,revenue
2024-01-01,Website,87.10582566280392,73.20457481218804,77.44076469689557,5456.592191001431
2024-01-01,Mobile App,70.85971302788046,87.27961206236346,80.17559963200034,6962.700559185838
2024-01-01,In-Store,77.79277690223527,75.60204063533432,85.93420558686559,2663.6900997297435
2024-01-01,Social Media,94.23961569411397,83.25398470083344,93.78997883128378,9053.44615384884
2024-01-01,Email,84.94749947027712,87.6562270506935,76.7698500410384,2763.8457617723066
2024-01-01,SMS,71.13068222276345,69.75990992289793,82.77354579378964,3442.141285965063
2024-01-01,Push Notification,90.71843772879824,70.70259980080768,80.61869019374761,5884.264748424236
2024-01-02,Website,73.52310562436907,84.06590942262119,76.49101287359542,9881.982429404656
2024-01-02,Mobile App,89.30611923241644,65.96147044602517,75.11044234247206,8339.152856093508
2024-01-02,In-Store,87.67143359619043,81.87021504122961,90.42540693371892,1666.4018656068133
2024-01-02,Social Media,78.96164321360682,63.47607178575389,92.26206851751186,6609.683141448021
2024-01-02,Email,78.27245062131622,61.90675050858071,81.21964643431325,3926.6498982407234
2024-01-02,SMS,88.2401544584516,79.12672414065639,92.74425485152653,5249.934326457544
2024-01-02,Push Notification,72.98985614845755,81.39734361668985,90.21570097233794,6051.494778125466
2024-01-03,Website,89.27417949886403,74.81386789093172,85.45465658763987,4847.869165226946
2024-01-03,Mobile App,70.63547816860238,63.23674280979913,75.62858371373468,6727.6937013740235
2024-01-03,In-Store,77.85889952690816,75.25712073494108,93.15132947852186,3243.6300623398747
2024-01-03,Social Media,80.25957307589074,82.66653415629146,79.57596330983245,1692.819188459137
2024-01-03,Email,77.2437863228442,64.83663861762014,93.59395304685147,8273.083416079753
2024-01-03,SMS,85.83509391276058,86.14381770563153,91.07344153798229,2679.1305299743226
2024-01-03,Push Notification,92.31397496224945,76.18026725746952,91.14880310328125,9064.821699311438
2024-01-04,Website,77.9500868742966,63.3015577358303,79.55870325083883,4843.9700976363065
2024-01-04,Mobile App,90.45036914806232,85.82191749769031,75.13904261062382,5596.725723198091
2024-01-04,In-Store,80.43527507871947,66.66323431412191,77.39730734667366,4038.5365426326516
2024-01-04,Social Media,93.57274259781298,69.69608796062266,85.37581243486733,7327.1706300566
2024-01-04,Email,79.09074005948234,89.15346248162882,94.24894589884222,3266.0406624282773
2024-01-04,SMS,82.43121264730964,69.02634929450309,80.69680988754935,1331.9825261907952
2024-01-04,Push Notification,85.23910834949743,75.08037069686584,76.02957502499979,3507.818178129503
2024-01-05,Website,92.70664714916634,67.18685672000917,77.89789744182445,5405.0748424980675
2024-01-05,Mobile App,94.64126135276501,67.26165814534501,88.44271094811756,7854.576537958458
2024-01-05,In-Store,75.94093859981,81.84649045835579,82.35566265438507,6690.752475342215
2024-01-05,Social Media,85.83824276902237,76.07324052224276,76.80579540108816,8517.72246030314
2024-01-05,Email,78.0195016242934,65.59555531199562,75.81550283109527,6318.036488694176
2024-01-05,SMS,86.93910904605706,60.497634867835686,85.24186116598563,3038.4619767814415
2024-01-05,Push Notification,86.12931976023624,65.23099287014975,88.81875476204932,4480.618116704837
2024-01-06,Website,93.41824971841837,64.1256283243798,81.82132702100517,2021.2616911653017
2024-01-06,Mobile App,93.11734045696407,86.32018060142943,80.15883255430312,6939.856414307611
2024-01-06,In-Store,90.4305550050304,76.65602434798387,85.59301156712013,3176.670618104065
2024-01-06,Social Media,72.32756919514748,86.91647273859981,93.00836114326661,6697.9131154594115
2024-01-06,Email,78.47574477621751,70.47628723837983,89.51911357740478,9073.992339573193
2024-01-06,SMS,92.17716060662794,83.39626637572871,87.84063292308575,1757.2596849554395
2024-01-06,Push Notification,74.04071785236535,86.95662565581237,87.12858119319179,1082.7734645496669
2024-01-07,Website,72.5367885716508,79.90505307324167,75.10123167692437,2447.272462757488
2024-01-07,Mobile App,83.71834473416466,80.7568559307808,88.03922519005201,3018.423785145038
2024-01-07,In-Store,87.80448053368839,67.117472624904,81.50799396318536,7718.422646062218
2024-01-07,Social Media,86.24082247618037,85.47670231482533,88.15225784600686,6114.777430019245
2024-01-07,Email,72.34186919570232,71.03147409178301,80.3040473536345,3195.9067904117524
2024-01-07,SMS,94.32526386881113,71.79293174000281,92.84093110354226,6680.247633975366
2024-01-07,Push Notification,89.87028258854122,75.07911279315576,86.53807769252718,5432.6592443697755
2024-01-08,Website,74.88107469495111,81.67356345784516,80.61544724881712,1218.8436978830846
2024-01-08,Mobile App,86.13680739767919,65.31332038221147,93.80917168705828,9585.357193023287
2024-01-08,In-Store,92.87160975551122,71.10476100766333,75.30913233057734,9354.867063289528
2024-01-08,Social Media,80.70460370793286,88.99964457131009,94.27239954178506,8677.08509920624
2024-01-08,Email,77.36122230173964,71.55293185805776,92.02273343033714,3852.298046406499
2024-01-08,SMS,74.23731866715231,76.70403787375051,93.72309548321562,7264.268170074757
2024-01-08,Push Notification,84.25152925223412,62.915294813123054,87.3001445339834,9910.48465093837
2024-01-09,Website,73.5021003809131,75.5498895709121,92.54746143855911,7666.91755978784
2024-01-09,Mobile App,87.4253935248817,81.07452251961328,82.18982302439511,3642.3265983804404
2024-01-09,In-Store,90.23402888696285,84.30340184037543,92.34144637160207,9219.16497300824
2024-01-09,Social Media,82.78355997152345,75.04548884061599,90.9659035793355,6849.675376999887
2024-01-09,Email,87.54917193144259,83.87378008308303,92.80010683635133,4041.956411663822
2024-01-09,SMS,79.3895738159986,62.81945819522607,86.56560281992348,1323.4804641706787
2024-01-09,Push Notification,81.6399504533115,76.2793390412273,80.73082504256568,6317.499345121097
2024-01-10,Website,70.76250624847624,61.120445662476435,91.45201121319316,4241.715772701366
2024-01-10,Mobile App,73.17651281629712,75.66729780164412,90.39987106197222,2942.3892474715885
2024-01-10,In-Store,85.57226189547501,62.56042394981304,76.03363442337215,5782.191684113332
2024-01-10,Social Media,83.51587804025266,79.1228970449462,89.52182667445324,9782.668715162812
2024-01-10,Email,82.90750870752989,69.68869418823738,90.90372389537407,3437.490261358668
2024-01-10,SMS,80.97428551764091,62.35369144026798,75.50701486830916,9663.835732101326
2024-01-10,Push Notification,90.89950301280514,80.87922618281094,83.1790588882854,2559.648880637612
2024-01-11,Website,73.91092606677715,67.50728694493786,85.98453329412241,7431.363304300561
2024-01-11,Mobile App,86.50493441794328,68.39801690837828,94.09730561326388,7641.072250261916
2024-01-11,In-Store,83.85885131278502,78.35162238703057,83.3920012485558,3229.5789055104174
2024-01-11,Social Media,78.89931696628155,82.73538331393107,75.28786977259512,2044.6537645622461
2024-01-11,Email,71.15006605054381,61.2218640695691,92.10921168022014,7332.920734420213
2024-01-11,SMS,81.85434572718313,62.93502481953004,84.83231750233665,5261.245937025091
2024-01-11,Push Notification,74.33004674775037,73.01554947713919,82.97009468794747,6542.650882469949
2024-01-12,Website,85.8773412716911,61.35912029316133,82.49225229252943,6632.739241428128
2024-01-12,Mobile App,82.5784064645022,85.69469523564968,88.1738726323789,2466.409843732867
2024-01-12,In-Store,71.76421868501075,79.27257834618946,75.53022621083244,6271.98023146117
2024-01-12,Social Media,93.50575603562395,77.26422533627637,82.76339852413044,6789.593965981178
2024-01-12,Email,81.45632226228791,76.36850367947805,93.8292961755305,4474.923740206968
2024-01-12,SMS,94.02976409559786,87.16051925868192,78.91582269578593,1624.251707876489
2024-01-12,Push Notification,72.51945003443566,60.54665476954649,76.88885921511857,7147.0609607472115
2024-01-13,Website,71.77971621150573,69.56926890881284,91.89750621938909,1209.4474216224328
2024-01-13,Mobile App,90.36171206472339,68.455643243202,77.36329655243313,7270.634488277356
2024-01-13,In-Store,85.7235711694971,86.32416040581158,89.70142087607772,8231.328373463637
2024-01-13,Social Media,77.05086431428266,65.32318631339169,90.01229503281716,8261.512653405376
2024-01-13,Email,94.76262855001683,72.3785303073428,82.44036171585566,7987.716646677972
2024-01-13,SMS,78.52008850632545,87.92271976810694,92.16825503686023,4860.946246375165
2024-01-13,Push Notification,88.77177669478743,82.63628622254048,77.06247737671865,9122.9761601161
2024-01-14,Website,82.63130931119643,84.79372398323225,81.40099202061224,9059.709056465805
2024-01-14,Mobile App,79.73004196835407,60.32512954440895,93.10763952838528,1821.580091075202
2024-01-14,In-Store,77.98284093976037,88.50185901152415,94.01214293875113,6160.940993109575
2024-01-14,Social Media,85.79593030424498,73.45336565934959,80.86421543396129,3957.9809083292434
2024-01-14,Email,86.81296140192596,82.5712358831304,90.83158087451697,8106.563285150985
2024-01-14,SMS,72.28015257621726,74.83260914107744,76.15117520033289,5945.75994091362
2024-01-14,Push Notification,81.03826253433442,86.631125482749,82.01830025104158,2053.603147848453
2024-01-15,Website,73.5747920513209,82.84531895152416,87.36436126632522,1910.1040851051123
2024-01-15,Mobile App,72.10267015287494,81.0290739437736,76.45526012728386,8396.740533613205
2024-01-15,In-Store,87.65605567891241,62.44046341925699,76.69675428170383,9879.75620651058
2024-01-15,Social Media,79.356769893903,71.11926441200673,91.25599134515005,9525.23719645473
2024-01-15,Email,94.65002659557177,82.60134555776825,82.52519171061832,1751.5064502880189
2024-01-15,SMS,89.42867289818592,76.75212749207415,83.48444018493953,9157.189465852623
2024-01-15,Push Notification,72.77993705765378,74.77875312872577,75.22707289534839,5217.945777947137
2024-01-16,Website,71.40758189204594,63.564537488042156,77.3505249355421,6842.892719044572
2024-01-16,Mobile App,88.65112198163558,77.5010629529148,94.24345096949084,4373.835215713337
2024-01-16,In-Store,77.14280215704652,86.0579738456838,79.47191677038906,9669.002854965502
2024-01-16,Social Media,70.3038618672454,89.09636480122917,75.86319823901152,9020.28802328264
2024-01-16,Email,83.1925277271575,89.78894388357901,76.47593129470798,5984.688559611887
2024-01-16,SMS,94.23256339047748,75.69293532510446,87.58797276270525,7261.738200861554
2024-01-16,Push Notification,81.36352661919433,78.8267424025219,86.686286238462,9110.4220944189
2024-01-17,Website,71.13615950853645,68.42889568776691,94.00822968153118,9012.374055018247
2024-01-17,Mobile App,81.39141881964282,78.6039779340461,80.54762365962266,2693.0904375138516
2024-01-17,In-Store,81.59246012349955,70.60056684078158,86.67312223701744,1699.6117326848635
2024-01-17,Social Media,94.35987019165417,89.58632233438809,88.9632342803949,5824.867297097084
2024-01-17,Email,77.7381904071582,84.41385059120846,88.69462345107759,2463.5524541040218
2024-01-17,SMS,92.77317961234606,84.67611728769506,93.99599826583848,7531.475575495239
2024-01-17,Push Notification,85.33537989839475,72.54729108871857,93.65456966708027,8794.575005503675
2024-01-18,Website,71.13046675265474,60.79100923491756,82.529267337561,8294.979977036495
2024-01-18,Mobile App,94.68190323287361,64.51250673310585,86.8826143070427,4428.017709679194
2024-01-18,In-Store,94.24785994536508,85.26356769407126,91.76657409422276,5218.238438154733
2024-01-18,Social Media,80.37048755844162,68.20221215792118,76.12750993301854,8782.501386295478
2024-01-18,Email,90.32252522825193,89.99153019858392,94.93273674147811,5998.885350423647
2024-01-18,SMS,89.22468537951276,88.34297189647285,91.99294781354823,3226.132915688779
2024-01-18,Push Notification,81.26360338275234,63.87478245454485,94.08102054517445,6455.57171005792
2024-01-19,Website,75.71607013758657,80.1510205321757,87.36256480915792,4223.464462295565
2024-01-19,Mobile App,72.83893980499073,80.14719586778399,85.40615401807587,7950.865525620754
2024-01-19,In-Store,83.00408752779984,85.5654450095562,86.0381367754897,6048.441743818476
2024-01-19,Social Media,91.91634006645863,72.10448598637191,77.68030456901282,1259.0440868200508
2024-01-19,Email,88.87843139184048,78.60928654060395,89.08159536198447,2916.6774535801965
2024-01-19,SMS,73.40928688966925,60.43633997003646,82.01175117613194,6309.259181691697
2024-01-19,Push Notification,79.8061011274933,73.12424766071187,93.08317388987497,4134.299203209703
2024-01-20,Website,82.84973722899527,83.5095903822343,82.9308556464254,6598.780302050862
2024-01-20,Mobile App,91.55909271866862,88.48561870972927,77.94146961858075,9339.28862645345
2024-01-20,In-Store,82.30290732698846,67.74733164896875,84.18271512476522,9820.293177569294
2024-01-20,Social Media,82.31545234982174,69.86254830862525,87.66801708633452,3161.310569003738
2024-01-20,Email,71.8965832027166,63.866391657319475,77.56091677915545,2367.1242416106493
2024-01-20,SMS,73.47067931623525,79.22624234409643,78.6376016879829,4111.005549914769
2024-01-20,Push Notification,92.4197102476503,74.21884920788617,88.35115477042055,2550.8788408146684
2024-01-21,Website,74.80722547021676,61.226058487994365,78.3787012614433,3507.313051287628
2024-01-21,Mobile App,74.42526210691867,62.66107601271167,77.41271742201202,5147.008912294532
2024-01-21,In-Store,75.15834296014481,70.92809583144226,85.06834541709713,7213.553457664288
2024-01-21,Social Media,70.98280349602747,83.98231196727127,87.55800778981815,1735.8312875398472
2024-01-21,Email,91.83946560266943,87.6261720159544,76.22155919709728,3491.8988333248335
2024-01-21,SMS,90.15503199482653,82.44779071150975,78.69042038712755,2884.143910030393
2024-01-21,Push Notification,79.26180256978455,74.53568955573064,87.36509543060592,4320.2227561279515
2024-01-22,Website,81.5633679033287,82.4241281440127,75.73366405781196,3271.932499096187
2024-01-22,Mobile App,87.83373964711382,86.85620513061598,85.23354884231333,5789.021367387841
2024-01-22,In-Store,72.6793002834944,73.42237100470363,85.65234532910047,3182.2345327125668
2024-01-22,Social Media,76.73108077373452,71.31852489313869,75.40142395555452,3898.7124902486044
2024-01-22,Email,75.28620017491362,69.82492056533744,77.39524263638502,9014.745526659055
2024-01-22,SMS,84.83981133885122,80.37306957433469,90.78342477214676,5485.979790361515
2024-01-22,Push Notification,72.17300720218559,76.11319625455643,86.73682236041758,7708.95526765897
2024-01-23,Website,80.79148865574199,63.82740908386691,80.67551811597448,4267.7406675877155
2024-01-23,Mobile App,86.14793103329004,77.12334914006736,82.12193451795693,9878.637239136817
2024-01-23,In-Store,85.14437048392217,67.11680375207983,77.03564945240808,2375.7322526589883
2024-01-23,Social Media,76.14894320961271,64.82044119778666,78.73134048102611,3565.856518244624
2024-01-23,Email,74.33433988236887,86.90296273879275,76.60467491323284,5720.602506132292
2024-01-23,SMS,80.25992067474154,89.47135850725819,77.24077804336105,4580.700391411675
2024-01-23,Push Notification,94.23676083188423,85.96521377681941,91.3414414189856,3321.1254434044586
2024-01-24,Website,74.27218968475165,80.05929659773292,93.58751978255171,6010.866037125368
2024-01-24,Mobile App,84.2903172367475,68.39937280980853,90.38985866383874,2683.3937370177105
2024-01-24,In-Store,78.09198091010609,72.76309315849251,85.1522075736891,3181.687591735722
2024-01-24,Social Media,72.87092061848008,78.31860127324897,80.77261106480512,6231.143992803511
2024-01-24,Email,73.85906788185505,74.43420305564453,85.65178865103172,1466.4118314018422
2024-01-24,SMS,78.41510695484801,64.03244030816923,76.26749940945535,9909.642091509508
2024-01-24,Push Notification,78.05884612436807,84.29623337563905,80.09281309527528,7133.524500015364
2024-01-25,Website,89.00569649724217,77.86916221823533,84.43152377100317,4706.568227325417
2024-01-25,Mobile App,78.72170666357488,87.88587432743478,91.61238815575459,9685.242195998613
2024-01-25,In-Store,73.10743058713862,81.92602425610933,93.76680913642076,2631.0975954909413
2024-01-25,Social Media,71.66240668416944,82.23361947870177,86.48946226359824,8576.458990824449
2024-01-25,Email,73.49430941565724,83.8580193557967,79.03254640095489,2472.9034857913407
2024-01-25,SMS,74.10664494827482,84.43724160694147,88.303944413924,5707.588822922074
2024-01-25,Push Notification,78.97076210308757,86.31601622439325,82.84890214845271,8349.394955244194
2024-01-26,Website,80.97837271425546,71.30833288274722,84.25359571339213,3712.4008674772786
2024-01-26,Mobile App,88.69023450440628,75.08161170277438,79.64425390293634,9096.171159471116
2024-01-26,In-Store,79.59728053433028,76.30658583341966,93.12944221929094,6618.1419632259285
2024-01-26,Social Media,72.92245101770911,88.19496370840426,87.55416106142836,4014.150531913775
2024-01-26,Email,73.48180181658468,83.82075567810888,87.40145511857027,5801.149827786894
2024-01-26,SMS,92.34731457627394,83.65791633673592,78.03349759465502,3805.4986101599343
2024-01-26,Push Notification,76.21222849536164,82.3183887771803,75.67064869471558,6129.0071638418485
2024-01-27,Website,89.06146714351726,86.30296910285249,81.84163497431815,8391.315742048117
2024-01-27,Mobile App,72.76579342388018,85.39356875203555,77.54977324663965,4575.585615043306
2024-01-27,In-Store,89.93238414448884,64.49752282046322,79.58502790465283,7500.273115537597
2024-01-27,Social Media,88.00091341365186,79.23442898655892,88.878968889342,5884.519990128366
2024-01-27,Email,76.29497647267382,70.37087980511758,78.63195433602851,9176.055052002655
2024-01-27,SMS,84.58479486915301,72.02554250290919,84.24011607288266,9525.550056506338
2024-01-27,Push Notification,73.83378507790201,77.58689496050391,85.11777357768932,6503.088118911831
2024-01-28,Website,70.45275459552101,86.16371726832455,93.64236564967224,6086.198652302881
2024-01-28,Mobile App,87.4162705969223,87.67498143531887,89.14477268626797,2372.851386228352
2024-01-28,In-Store,84.40720900417033,78.20145139148568,83.48261342604772,7627.998120622506
2024-01-28,Social Media,93.35917536922537,87.76705538720329,84.01678742808264,2019.1424125667972
2024-01-28,Email,94.62102997405836,85.16694259337802,77.49325362406533,9287.57694355635
2024-01-28,SMS,91.7474090515532,75.56514171378217,86.82550871489859,4591.024334831172
2024-01-28,Push Notification,71.36904097055078,70.05591724937703,91.05706897196023,1041.6882070414258
2024-01-29,Website,78.3374792922786,71.9450608077283,85.74791205875846,9278.700547714845
2024-01-29,Mobile App,78.65864985914904,70.40859605688684,89.75002496219497,5069.961468008264
2024-01-29,In-Store,75.61512057349955,73.57318548398081,77.817140407596,2587.48287855601
2024-01-29,Social Media,82.459194318487,72.56776348513644,93.296918021362,4261.545092049698
2024-01-29,Email,84.51470875695108,78.96792863758591,75.26188913176668,6971.836348150396
2024-01-29,SMS,74.45089917174379,88.83210952408365,77.97325455506225,4731.617113543213
2024-01-29,Push Notification,72.1337417019661,89.90622755537842,85.04390020662485,6358.465155880394
2024-01-30,Website,71.67691193471069,82.49881411197534,79.19811186191171,9082.488604966424
2024-01-30,Mobile App,75.12849101205018,65.72063161991,75.7309933569619,5248.602505989993
2024-01-30,In-Store,84.12102833156541,61.971259182850574,90.51055233390021,5079.5995127322485
2024-01-30,Social Media,83.1097567331895,73.22288240814684,83.01526121750652,6036.762981773961
2024-01-30,Email,73.88100614826782,65.45784391485813,92.23571242027035,9515.039159202695
2024-01-30,SMS,79.33273290699383,68.12234019430662,87.87999086478031,4678.607539882868
2024-01-30,Push Notification,70.63465889150862,64.68457792098572,89.31944457694794,6930.315477191362
2024-01-31,Website,70.67739981258708,66.65916485798849,79.62149593176143,7047.034692388555
2024-01-31,Mobile App,70.4927634438591,63.123257459537214,90.99832170746379,2606.9019584890025
2024-01-31,In-Store,86.31865269629687,67.1454834314018,76.9888278551869,3188.5497189950866
2024-01-31,Social Media,88.05667329639148,85.67089404318857,91.60439729133984,4574.651766566093
2024-01-31,Email,86.70212841426616,66.14952886247463,80.86295460522027,9067.022366690078
2024-01-31,SMS,70.3250480877684,62.56525592563404,79.15772510292055,1238.7898348643773
2024-01-31,Push Notification,74.53588587724494,77.49124682909077,83.42849101184996,9034.045399692774
2024-02-01,Website,90.43608904346102,70.25452055093628,80.18846866862584,4417.231673505402
2024-02-01,Mobile App,84.7573735628702,68.0419092246863,87.48297815698268,4684.704869721164
2024-02-01,In-Store,83.8011795212995,73.0837958740595,80.88931519083836,9536.07976265941
2024-02-01,Social Media,89.09014485399402,64.20339527299357,92.36935951795826,5386.880784245623
2024-02-01,Email,92.36380567235229,83.99565767841946,83.50427008938468,1202.2237748810567
2024-02-01,SMS,76.71693398462365,76.24902643982601,87.66956439652294,3320.9891688988205
2024-02-01,Push Notification,73.4839018518206,85.04790710397897,94.68804361407105,5731.211640724173
2024-02-02,Website,74.29198214620759,68.16921979558107,75.36781353094933,9228.689259044491
2024-02-02,Mobile App,72.94377707225352,77.2954942654276,80.48110441374412,5987.602022642141
2024-02-02,In-Store,86.28550970879661,84.89225411121605,79.12842543521207,1098.9624579263243
2024-02-02,Social Media,73.42214075172018,87.00055925544315,92.47780155125031,6376.717919532774
2024-02-02,Email,85.01292151084134,79.95110023638766,78.50742557246899,9229.707513324638
2024-02-02,SMS,80.46926312230183,71.49415584748492,85.37835410565675,1422.6937009754954
2024-02-02,Push Notification,74.15708421890199,82.14100849279112,76.65597335850254,6428.368985197494
2024-02-03,Website,76.13372774203302,71.6788684212593,80.773874735414,4201.054448184542
2024-02-03,Mobile App,87.97614762960613,68.91365146869525,86.32809280593794,5284.453619791897
2024-02-03,In-Store,86.5917791340662,88.10489217974273,89.651441944205,2934.463407316811
2024-02-03,Social Media,70.77957837653211,67.86792132899475,86.9015586140051,1462.8323213582532
2024-02-03,Email,82.4091561800309,77.90528546750667,81.68487781633921,7938.209833712397
2024-02-03,SMS,72.66495632834429,62.254133452074264,89.56377512407207,5459.421845855786
2024-02-03,Push Notification,87.2100599106934,73.04482015811239,79.92804066478213,8371.920859067797
2024-02-04,Website,89.98539697422449,80.8408941256328,80.44290274459925,6312.076001821784
2024-02-04,Mobile App,79.02434742350067,62.747462199799024,93.34627150924486,2231.3676782706525
2024-02-04,In-Store,93.75593384552006,73.38017318873867,78.7026585767724,5877.1085264052235
2024-02-04,Social Media,91.82364589691021,81.96674659228684,91.131222957229,6929.050300396456
2024-02-04,Email,87.30691411294632,85.47586954695957,79.99336017718372,5404.824672788264
2024-02-04,SMS,75.53023604549006,89.63004023989942,93.88118679373227,1354.841302316553
2024-02-04,Push Notification,87.63937931289222,87.75744952246997,78.61150690254667,6111.507074973665
2024-02-05,Website,92.88720743970104,61.01837935757396,88.9484053449368,3676.141066352957
2024-02-05,Mobile App,93.10990488441325,89.13174735496104,93.88532978226868,5267.927949917174
2024-02-05,In-Store,91.55106627473283,85.33648195605211,81.3820094648651,8460.239267356095
2024-02-05,Social Media,70.92519086788731,77.8880963544616,79.60017674575406,2085.1019719955093
2024-02-05,Email,71.92383004073022,80.88866327634419,81.79749927536132,7522.900943758853
2024-02-05,SMS,71.63390851997356,69.4587101349183,85.78982584750675,8116.508483550672
2024-02-05,Push Notification,77.96881257330175,78.77674129311028,92.71955496472374,6542.768693640741
2024-02-06,Website,75.82398686884085,60.73202344669614,92.4019774780186,1191.4246976534841
2024-02-06,Mobile App,91.86754181710498,75.86811402081636,93.78135397025792,8189.0491219629885
2024-02-06,In-Store,94.94835276333343,70.5213544635513,90.34376577862254,4617.378222483179
2024-02-06,Social Media,81.99689050759773,78.8251638965511,92.47354228372677,9856.751222793657
2024-02-06,Email,89.20683534661295,72.53300346502002,83.4271400455414,7638.240714300024
2024-02-06,SMS,75.96942864420755,63.31422339394184,82.09244315281553,3585.1509248867355
2024-02-06,Push Notification,77.40770301139975,67.0082325314973,75.84186379272724,1160.8654126007243
2024-02-07,Website,94.6930597434008,72.83319401207586,82.68653294319364,7116.8255442376285
2024-02-07,Mobile App,75.45634719662661,88.49883551850677,90.72690028831104,1804.6990208103357
2024-02-07,In-Store,80.4395193946232,86.37354922686494,93.8946404458282,5206.613601248828
2024-02-07,Social Media,85.33528473026769,65.01101838276226,94.82337252273953,3085.0453124509904
2024-02-07,Email,93.56829435337814,79.48939946977106,87.15473589757718,5614.196599148578
2024-02-07,SMS,75.76674529294397,65.29584096016525,79.4097241814035,2677.9443592982907
2024-02-07,Push Notification,89.48961183916883,70.5037577750019,76.15685353126793,9721.923671267303
2024-02-08,Website,92.09464712408564,87.83256849585639,94.8981564529287,2565.0572429753856
2024-02-08,Mobile App,79.90605047256646,82.74715427112274,88.92041236107585,2385.0631570586957
2024-02-08,In-Store,90.39582812476544,66.73321715509982,79.47635229645246,5832.769806040722
2024-02-08,Social Media,84.82349837104258,77.40258623513434,76.8297367479551,8897.147763673423
2024-02-08,Email,76.64000106471765,63.88544763848412,92.77496159737954,9600.86348406778
2024-02-08,SMS,91.55319043163627,84.28548224174634,88.10483961278044,5957.716335482254
2024-02-08,Push Notification,72.17466899778525,72.25359639212095,82.45377034024628,3337.784053842936
2024-02-09,Website,88.08550284221462,74.87627205236312,76.62092431815296,2981.648817548302
2024-02-09,Mobile App,87.0814690914899,62.283925784709005,92.02413828097538,5456.318743125769
2024-02-09,In-Store,82.0146644331662,77.77223353978553,91.49361931850298,4130.282871119737
2024-02-09,Social Media,86.95040381397659,76.97195891987373,80.34056540338842,8907.669877196422
2024-02-09,Email,89.9356505401732,79.75355503975277,92.01163458188483,8805.647808638221
2024-02-09,SMS,87.70907441787587,85.11039985091016,88.94942923338567,7121.2669458427035
2024-02-09,Push Notification,85.4652844553796,82.58149918672923,78.17210210586147,8927.836832790355
2024-02-10,Website,91.7960881936308,60.87741849103678,91.51633501129525,2159.8288072610067
2024-02-10,Mobile App,78.37797135647855,82.30524768874824,78.21519792096616,8361.70321707156
2024-02-10,In-Store,90.80335444894355,75.22403201282509,75.12771743433667,3583.343198574215
2024-02-10,Social Media,85.42317295939355,89.4355853408227,87.63627054033337,3338.2322295774384
2024-02-10,Email,85.85014257749029,76.19956139147567,90.59690790302287,1962.8257494426257
2024-02-10,SMS,89.0256975625507,76.2379973602833,94.25984007717989,4076.8494943481746
2024-02-10,Push Notification,85.8155473283487,87.96084316530053,77.05019455981359,9435.05638512806
2024-02-11,Website,87.19714305752034,62.03511177315516,81.01927133893632,7373.548797807534
2024-02-11,Mobile App,71.6837650367193,77.4651138052882,81.91766113905913,6588.239659907294
2024-02-11,In-Store,71.14355084531282,86.14610418457129,94.46977938354794,9719.900697571224
2024-02-11,Social Media,88.74129579357312,63.90258720391896,90.16526391858045,1221.2822481292137
2024-02-11,Email,70.55308878822493,69.70830657448624,84.77286380809332,7933.666760270139
2024-02-11,SMS,87.08238441516264,73.37708119130245,80.47253332563332,9974.1205014194
2024-02-11,Push Notification,80.65453255589932,73.54161072989027,78.27247642383338,8153.2859387493645
2024-02-12,Website,87.34205564453721,66.62308838366282,76.64762091231685,7124.493718672418
2024-02-12,Mobile App,86.36278035702838,68.19778580994628,94.0172712450082,2359.521026028102
2024-02-12,In-Store,80.80837002606505,88.30847760502796,83.39454633852245,6746.73352897677
2024-02-12,Social Media,79.93985994906986,68.2264560704601,94.67955295919657,4684.006056835387
2024-02-12,Email,92.35248009197836,66.89863817673259,79.26209408050167,1280.2067459606023
2024-02-12,SMS,86.29167063439712,71.05579031171284,92.28716499679274,5258.889160224015
2024-02-12,Push Notification,94.20483569786805,65.56576547109364,92.37246335911222,7989.371675125675
2024-02-13,Website,89.2730461161013,85.34349684350663,90.22047981885997,6635.982894682738
2024-02-13,Mobile App,73.28112194205968,60.975785384737556,93.41695695631374,6549.852830686642
2024-02-13,In-Store,89.91343227440441,74.4456705453765,77.34616377924789,2126.672129822954
2024-02-13,Social Media,87.13913218072429,72.90917684698388,79.01049453400674,5424.350920672932
2024-02-13,Email,71.60522342687835,77.45914205743196,80.37986808870195,8178.031905734693
2024-02-13,SMS,77.75904897308935,73.65660447245403,75.23241079816201,1652.02199015103
2024-02-13,Push Notification,79.81233891016711,74.3981650415137,87.00041096238607,3624.963208383729
2024-02-14,Website,87.37454715316356,85.80367191567613,90.59701977786699,1356.5694281352144
2024-02-14,Mobile App,82.01267368144572,63.147905352545244,79.84090031725054,9879.963339404318
2024-02-14,In-Store,73.56238857253783,74.96664460354069,87.36311468636238,7322.184734896936
2024-02-14,Social Media,83.99121708717286,60.29312542257551,81.52922616487984,5659.404790462403
2024-02-14,Email,72.19666247862084,70.51880793627542,75.66406217582733,1707.2064743951867
2024-02-14,SMS,79.92308190503991,63.98147262129181,86.35081696523116,7205.184722235392
2024-02-14,Push Notification,90.01466747772707,66.0045073273443,78.3496516451814,1941.1105630096022
2024-02-15,Website,85.91075623859092,81.19427179460703,75.63172289651284,9425.910216193208
2024-02-15,Mobile App,71.29928209128681,76.23889005903212,89.18121038901833,8838.72211371477
2024-02-15,In-Store,87.85217330331069,84.05184249209375,81.78900385085612,8333.42602371861
2024-02-15,Social Media,72.00287115961687,86.84449968181583,85.95184752307472,8355.679929662443
2024-02-15,Email,81.30795711295751,79.30733085589574,85.52805321872226,7584.305695797987
2024-02-15,SMS,72.04074955076474,61.81056251971691,79.94206468020293,2435.902121018695
2024-02-15,Push Notification,91.79458916480505,66.57641962074133,94.51730511638263,4032.062125939962
2024-02-16,Website,74.55294789221749,83.69095521427437,88.17415551001753,5483.76144807825
2024-02-16,Mobile App,83.88408877344078,81.57605334816792,79.56909482662597,9967.005244510678
2024-02-16,In-Store,94.36982905366958,79.50977059040811,78.9908490185829,7122.054181881622
2024-02-16,Social Media,71.8049602244794,60.91957506617418,80.15365777022427,5163.6066106538465
2024-02-16,Email,91.70681263520952,81.81507209298924,89.85413042399962,4829.440010032678
2024-02-16,SMS,78.64837481367407,71.13116288953807,94.75299127472115,1360.9827227123424
2024-02-16,Push Notification,91.67578740306121,77.3602622571718,83.77230838379181,7527.318943736229
2024-02-17,Website,82.16672353561758,86.20269714244982,93.01403728022517,4795.488341861099
2024-02-17,Mobile App,76.9206949308763,77.77050985780086,93.24726691233381,2895.9597010509992
2024-02-17,In-Store,85.57416458908708,78.94680660277561,89.66226044830562,2184.1091661453383
2024-02-17,Social Media,87.89562411705221,87.27097561996924,78.59366217740484,3137.889924314899
2024-02-17,Email,94.28487735104099,65.42930858128469,92.08770186739159,5430.500708032313
2024-02-17,SMS,76.18077686007942,86.12249703817534,83.90610510005331,5633.356185367212
2024-02-17,Push Notification,78.98083423499415,77.78852554304783,78.27047745170046,4519.733829865846
2024-02-18,Website,94.23530805838219,67.74400298103383,88.13473329082585,3926.7105780222537
2024-02-18,Mobile App,89.33682814216502,63.92620982155049,94.39642090157089,5084.105872452753
2024-02-18,In-Store,75.9012615836616,62.20490241990038,78.39515810175081,5677.965537004159
2024-02-18,Social Media,78.42507941078216,84.86650097647828,83.61775047323611,3238.428453288669
2024-02-18,Email,85.42862466510076,81.20331650656337,78.340838158019,2508.572946594859
2024-02-18,SMS,70.91678567333858,82.09206045196922,88.2760905524361,5271.677881748325
2024-02-18,Push Notification,91.10426122422993,84.1701045885016,86.70708728793504,8814.441524619328
2024-02-19,Website,75.14603025091921,63.357588581931836,80.3949922303398,1513.7817048038337
2024-02-19,Mobile App,83.2792382000258,88.09817076884885,75.7868708133702,2098.989226090241
2024-02-19,In-Store,81.30497570708589,88.01625052583715,81.32312209953501,5565.113278195532
2024-02-19,Social Media,71.0393214762598,64.45029602886267,94.73260245917693,9686.06826792441
2024-02-19,Email,70.12349952336024,88.55435356269717,87.78239875631,8811.2646506802
2024-02-19,SMS,81.36849639084647,75.46788085737751,84.7769316051384,7001.778317914939
2024-02-19,Push Notification,73.49128136890782,60.89920769618034,81.15859883182382,7342.12686462982
2024-02-20,Website,75.04633630307372,80.20297299974752,94.3982409221454,1845.1064421047654
2024-02-20,Mobile App,86.81505295562816,73.31250657913714,92.36284508755011,2594.348105026473
2024-02-20,In-Store,87.3156488056541,85.1434586894433,93.89228438948047,7149.232254606813
2024-02-20,Social Media,82.42936910021068,78.53541720603641,92.37809968957437,6135.487719749467
2024-02-20,Email,70.75967649242092,87.92846086520933,88.79053502063122,7088.620471995218
2024-02-20,SMS,75.39187880994292,79.76656410697971,82.87728811308317,6861.096793373429
2024-02-20,Push Notification,72.66482575769977,79.73535913809108,94.98827451541334,1433.9083497450042
2024-02-21,Website,94.42935460553294,72.20723882168612,92.41506900674518,8041.469356524462
2024-02-21,Mobile App,84.1754065246667,82.1534762775398,92.57031122602696,4637.2628948592965
2024-02-21,In-Store,78.17582903908097,80.02780156690754,91.15691883882518,7860.566212989542
2024-02-21,Social Media,89.94534122146587,73.06749944438799,91.35668432350043,2081.881498335476
2024-02-21,Email,83.61222744902123,60.172759814943646,81.49171659800541,4298.153813842581
2024-02-21,SMS,79.90431729023139,80.86401620069587,82.77116202540691,5038.2426036027755
2024-02-21,Push Notification,75.93860327185818,71.1975537488802,79.54539254526303,1658.7633139159927
2024-02-22,Website,85.08621483453445,80.04638395665049,87.38980692019229,5171.446394205152
2024-02-22,Mobile App,79.49464450448075,85.90000948715476,85.38163570272437,5312.636898667579
2024-02-22,In-Store,70.64105164516089,70.23743482878469,82.60391237571714,4589.405028072104
2024-02-22,Social Media,84.5043092306833,76.00807640180635,87.15810185586889,7883.949353879155
2024-02-22,Email,90.32464346790233,81.54369228679484,94.1104739190987,1164.0932440872548
2024-02-22,SMS,74.89444964208866,60.22688624934426,87.94949428309206,9082.274940549882
2024-02-22,Push Notification,76.08705741440748,87.8110363438892,76.20534780579122,9409.924241249628
2024-02-23,Website,78.79056718099086,63.0426248534765,84.71743518372651,3310.9891094845716
2024-02-23,Mobile App,77.12182254904808,69.2186989477886,91.06051795665327,5852.45149007729
2024-02-23,In-Store,77.78269247890009,78.31001349932755,89.32301348446387,3453.6160066018037
2024-02-23,Social Media,80.33872753813378,63.656582800108424,78.6229869906936,7130.060685684845
2024-02-23,Email,74.53595869239068,75.7549015100118,89.18092523444865,1961.8923078526946
2024-02-23,SMS,84.18280549072259,67.69688351104091,94.2585375047516,5351.910820479323
2024-02-23,Push Notification,90.14981374437895,76.50679626468785,75.86825065709638,6698.3623803462015
2024-02-24,Website,93.78508355516642,78.04835460438994,91.3837771885358,8957.85817013567
2024-02-24,Mobile App,75.7019942987233,66.3613451972468,87.21961977701983,4699.256228260342
2024-02-24,In-Store,90.99653257166801,87.00069370194034,82.06842758605436,3131.8350307703386
2024-02-24,Social Media,89.51313788109654,68.24418106644409,91.45228637027357,4813.644282838865
2024-02-24,Email,86.68874748228676,62.86605941504005,87.47718649353146,5065.909108635062
2024-02-24,SMS,84.66521157938685,65.04042623234591,89.73747489888365,8765.173697889057
2024-02-24,Push Notification,75.4184950022694,62.871436665604854,75.47277172092673,6777.743503989394
2024-02-25,Website,85.17735090221952,76.4009223814221,79.6389419223195,4518.153963149632
2024-02-25,Mobile App,84.86190837965432,74.90300576577508,94.75571040429774,2227.957773010598
2024-02-25,In-Store,87.37861385118984,72.12956304312877,83.56399229851229,7458.379890923586
2024-02-25,Social Media,87.31090378310924,89.73767981106565,77.56788578908251,1936.986844457497
2024-02-25,Email,88.10847042821852,77.35160751019227,80.48321333119611,1714.7743209008795
2024-02-25,SMS,72.14145623991077,86.82572623992355,78.83734649437486,3910.3440590396867
2024-02-25,Push Notification,75.6664100556747,70.64988917495812,76.38847685492186,5671.538118174433
2024-02-26,Website,71.69031408980537,84.01069523467085,79.67424163820866,5860.107231440596
2024-02-26,Mobile App,92.00197718903645,79.52632107141582,85.6591557310267,3919.0037780383805
2024-02-26,In-Store,78.32504782645495,80.0846086559457,94.88278722442335,6956.552708644407
2024-02-26,Social Media,83.94458543425063,81.91951530717738,84.30411224567436,1541.281083407067
2024-02-26,Email,84.05742039694775,88.7287585351614,78.5060588471532,7210.0440173859915
2024-02-26,SMS,75.02334221647641,76.07483053419244,76.9335289929344,5053.338426323667
2024-02-26,Push Notification,88.90408322238115,70.42714572716946,88.29823448974436,8159.049647107563
2024-02-27,Website,93.17944548698631,67.0392624556636,82.98631831618616,2371.744119973757
2024-02-27,Mobile App,94.81208755395939,87.81002903772885,85.7991426056112,8578.29964938779
2024-02-27,In-Store,83.02394943180106,78.70757064008279,76.78248864232033,7797.433784471271
2024-02-27,Social Media,73.19283709088087,84.78202890757585,90.64056175340772,7378.702279686788
2024-02-27,Email,70.90400951311905,69.09385067835986,80.26225139821686,4241.227667243672
2024-02-27,SMS,72.19106866909597,88.10873469093188,86.07604481424752,3749.718795922212
2024-02-27,Push Notification,79.92453792685708,73.41607621514507,87.01188666721235,5641.11484926848
2024-02-28,Website,92.98479933036043,74.90890448717491,94.84316029646625,8662.824619705862
2024-02-28,Mobile App,75.21276285893339,87.91785643931749,77.32732795770953,8357.047376420724
2024-02-28,In-Store,79.5155823369145,86.33922961335209,92.36113380214901,8253.32860105859
2024-02-28,Social Media,89.75076090767654,69.14037417294122,76.61838566102504,4626.821608886453
2024-02-28,Email,74.33811287466271,80.84853266707385,81.92199453075571,9780.491807739234
2024-02-28,SMS,86.0243019336333,84.67441690903082,77.65049345483696,8758.130340453603
2024-02-28,Push Notification,93.06892976283486,74.61185756456808,87.12505875501955,7883.288208126959
2024-02-29,Website,74.37096568151031,75.07698229390327,82.97326055544626,2317.365929460242
2024-02-29,Mobile App,79.18836055728829,62.04516928156481,75.51623813898973,2216.496602393405
2024-02-29,In-Store,94.07787778972934,76.4858860768505,94.3164432230644,4892.480904971188
2024-02-29,Social Media,77.7954033271315,75.18425588520732,83.7902337726582,1950.9821583556952
2024-02-29,Email,86.02065786725515,66.48114547528799,87.3917590979566,6851.80983158338
2024-02-29,SMS,73.80062132821621,61.84048881332004,90.6152317213688,5138.203813923881
2024-02-29,Push Notification,71.4540948876369,89.84598951509301,76.15561121992734,7255.317059726978
2024-03-01,Website,94.59197313158533,67.17540312647778,77.84498737374392,2092.46445480186
2024-03-01,Mobile App,77.58187868918989,63.0313743303194,88.84322683388264,1560.6261831705642
2024-03-01,In-Store,82.73555320374474,89.90090561558931,91.27940539012037,6536.974944079098
2024-03-01,Social Media,77.65634051966529,78.71687508874915,85.54082927823303,4834.7504550133435
2024-03-01,Email,73.26775941850498,86.59812645721401,83.99569297642645,2751.602606386886
2024-03-01,SMS,79.19398377193224,72.42389257586781,91.55075791133748,7602.5294250526185
2024-03-01,Push Notification,89.23262234103349,60.33093793285941,83.32307996359523,5332.097364717913
2024-03-02,Website,70.47980692057642,67.79439626235103,90.2057964624427,2233.9873515609916
2024-03-02,Mobile App,83.3827532863148,66.45605616051712,75.24241549287787,3170.8131183958735
2024-03-02,In-Store,94.39684387275135,84.04611335648968,94.19153288642067,5390.686395337262
2024-03-02,Social Media,72.74340496693759,76.43878466921079,84.08754669119922,8599.213744656543
2024-03-02,Email,72.45206451960611,74.64723411065334,78.00097329387968,3922.0833420105396
2024-03-02,SMS,88.433926934695,74.280543881063,82.51776570291538,4550.286507130318
2024-03-02,Push Notification,81.48616921014967,83.5504963151117,92.84169377880468,9598.012178535355
2024-03-03,Website,89.67258465638238,69.46220687244038,88.76269412173085,4938.428116498528
2024-03-03,Mobile App,76.36676555115127,85.22614738277768,75.7685269792465,9115.857929218811
2024-03-03,In-Store,81.53693661561836,79.11604430424842,88.18707844411566,9056.059666358828
2024-03-03,Social Media,85.91674205418018,78.41800754280186,76.3330408112138,5665.672197506837
2024-03-03,Email,73.75422502042605,82.12301306164457,85.24443841625349,7122.05001287518
2024-03-03,SMS,71.04182251505961,62.54376048137409,89.32646776125364,1648.7590239880603
2024-03-03,Push Notification,71.78141819413146,60.36325425704662,94.1300279659896,7637.575235131062
2024-03-04,Website,78.8312852125516,68.89606743862966,81.99406459491699,7971.881780630637
2024-03-04,Mobile App,86.53426527676037,65.55586703602404,78.48218670668169,1885.5608474205758
2024-03-04,In-Store,86.50756799253345,82.93117986665207,80.30092856650008,1188.5046492782153
2024-03-04,Social Media,72.05429168691069,89.03580104535091,80.9088955495484,7923.008330543203
2024-03-04,Email,85.61658922135659,71.45818918958688,79.1137452439111,2092.477763434658
2024-03-04,SMS,85.37532420097166,83.23901341913364,87.8780850708226,5772.719199242425
2024-03-04,Push Notification,71.04878058579091,89.05466332783152,90.97428383309149,3635.3983303086825
2024-03-05,Website,94.49925823397126,78.05644768908967,86.64845316414493,7732.658614865789
2024-03-05,Mobile App,90.29424470225344,79.69435821994507,77.561914927324,4044.4075539504856
2024-03-05,In-Store,93.20209100815124,66.73846835531556,82.44334047675027,4888.691946497764
2024-03-05,Social Media,80.98512474236131,78.38818747483576,93.86151675489415,3166.2344064925446
2024-03-05,Email,73.03753440752295,65.92411469579812,92.73849800418539,6812.297313896854
2024-03-05,SMS,77.147669730979,84.47840816905851,92.22739992726872,8618.629048212502
2024-03-05,Push Notification,92.97316334098886,67.56723060520085,90.10083857492556,5144.8554754672605
2024-03-06,Website,91.04996382225154,81.8547203148484,90.5289489299945,6905.456539129644
2024-03-06,Mobile App,74.43571923674267,76.35080756690814,94.69339479049016,9436.492598474071
2024-03-06,In-Store,71.07934339492529,64.94444447188312,77.63457546909123,7533.81918986766
2024-03-06,Social Media,90.44463324642362,66.40534098932015,85.11705385903657,8566.3272521008
2024-03-06,Email,88.32003861915626,76.26711616475545,86.80695380917545,5575.244922246519
2024-03-06,SMS,77.43871128297052,76.95065978577048,88.7777060410018,8859.906242747269
2024-03-06,Push Notification,85.9072838494812,82.83364611129474,78.20143269909146,5154.017269778109
2024-03-07,Website,70.23329049567734,67.4003659356487,89.5292343022601,9926.289562144271
2024-03-07,Mobile App,72.4794524896804,72.04482947583865,91.0014193739832,2836.3207116600897
2024-03-07,In-Store,83.87712373255715,81.99213888089024,87.31970900520358,2692.2226115387452
2024-03-07,Social Media,78.88461421714348,83.51375353456191,86.08453028264033,1047.0665218862146
2024-03-07,Email,89.02476900070235,61.05934064820717,89.91467565462465,2822.325041487137
2024-03-07,SMS,93.9518370029845,71.03822253906253,81.53863232676159,2339.992452992002
2024-03-07,Push Notification,77.64010538725537,86.29952285484602,94.92668675254495,4314.785774561635
2024-03-08,Website,81.21526577386356,81.66212814608211,92.72391560930149,6337.399007681057
2024-03-08,Mobile App,79.78814245444573,72.37865522545871,88.91236292993614,1028.9643724385082
2024-03-08,In-Store,85.48973343649601,70.66479031324072,90.88394662554168,1836.9157584081895
2024-03-08,Social Media,84.70505667370976,74.42918669658371,87.84651051810455,1583.682350346715
2024-03-08,Email,84.49959468570329,76.84453763878571,86.21320188832343,6431.388999368093
2024-03-08,SMS,86.91169843065906,84.14966999042309,80.39641440256429,8425.444691620558
2024-03-08,Push Notification,82.45639205658634,62.31174837402993,76.17101858487959,4008.1448682645473
2024-03-09,Website,89.62242442778668,81.23042804222747,90.77229929344813,5655.4215079744845
2024-03-09,Mobile App,81.00497494888727,64.42357580118852,81.56385507218623,4906.174295564877
2024-03-09,In-Store,72.21501074199043,66.61835858133634,86.96450588127477,7620.968028152709
2024-03-09,Social Media,94.95868778482374,87.99339994030673,87.85130399070383,4791.232479646648
2024-03-09,Email,85.90443411770582,83.56954854240696,77.36672381846775,4689.144007266595
2024-03-09,SMS,90.99505714089042,71.51498855799132,86.43744542454372,6289.924247759784
2024-03-09,Push Notification,74.61190632834098,70.86706324956864,81.69022577483864,1235.7703767885832
2024-03-10,Website,70.60479409728389,84.9509113102732,80.46141619945625,5662.708896149339
2024-03-10,Mobile App,77.46813933971933,88.22037735346022,80.18593517731547,4866.911314650416
2024-03-10,In-Store,91.81825626211504,85.25800700375426,78.72202835692555,8223.789788161394
2024-03-10,Social Media,81.45467216844732,74.48906616256066,77.66959944831888,1725.4136238141218
2024-03-10,Email,88.19848267434413,74.893834570659,83.73701405230359,7565.57405787157
2024-03-10,SMS,89.13782247477775,64.7672450300806,87.20450298955282,2218.18674049917
2024-03-10,Push Notification,88.78437715072614,79.70865468801419,94.13229242166916,1620.6221472077907
2024-03-11,Website,71.42636802878135,68.465612240796,80.23411367471812,3222.8091916479984
2024-03-11,Mobile App,92.65636451302592,67.48638599548518,80.43899452257261,7834.584361761674
2024-03-11,In-Store,81.2434960612635,83.30131670865543,76.3073231512877,5388.140743060459
2024-03-11,Social Media,70.84034000458206,61.87959610366064,93.12874906688822,2253.2083400583565
2024-03-11,Email,83.31051705688043,72.33286807802119,81.94686652517686,9098.500111185453
2024-03-11,SMS,70.54558491938724,79.91369058526767,94.26788868427101,6041.513651156578
2024-03-11,Push Notification,93.4205615508273,61.56773637858071,83.37586638148323,3341.4201186584605
2024-03-12,Website,88.27052412451825,89.4389127149174,80.13060124888496,6887.57141326667
2024-03-12,Mobile App,74.95244081899351,76.95990763714829,84.27864973376673,9748.047966683833
2024-03-12,In-Store,85.21318181741167,70.48519116260456,77.28191569775866,2361.221458614411
2024-03-12,Social Media,75.63292324878088,67.52899984020894,92.01232115682275,6051.005094542725
2024-03-12,Email,83.08477278435916,63.443066156076526,92.2027938669887,7505.328728876353
2024-03-12,SMS,71.69170904750004,81.23505291689305,85.87076434685292,1735.5281117210043
2024-03-12,Push Notification,81.45751603821641,74.54088861390142,78.31549080326552,9511.28332300254
2024-03-13,Website,91.24938428701655,80.07067011987326,84.24591122001215,4705.889874260577
2024-03-13,Mobile App,86.27433667877385,76.36295608220716,76.24546211763771,5612.523838932985
2024-03-13,In-Store,90.16009043082099,73.77719632790874,76.03913155108536,8076.503794456298
2024-03-13,Social Media,75.03409455339936,67.75862504664116,78.29412706864592,3971.935583843478
2024-03-13,Email,88.91878764221588,75.58157578511812,79.09762548301426,8900.470703368368
2024-03-13,SMS,91.98954637378823,86.11735275138021,79.77592422763078,5061.1540976288925
2024-03-13,Push Notification,94.62474140352188,83.16037428929971,75.5433484245112,1586.8413213444285
2024-03-14,Website,81.59828442030832,87.27660617584681,85.77403595905429,5480.312572308612
2024-03-14,Mobile App,72.63684249891577,79.70340314172883,91.44206321200451,4423.780067568061
2024-03-14,In-Store,89.39029627313319,88.93429961702435,79.07532918255379,5709.966680752672
2024-03-14,Social Media,77.1784489521144,83.78563257101519,86.55186731762315,6711.241757952734
2024-03-14,Email,89.94785399039735,71.87911417987365,93.30180136814086,5797.25980521526
2024-03-14,SMS,73.9488705708837,80.87697354506408,90.86522700876509,3850.85509360774
2024-03-14,Push Notification,91.42948142496883,87.184297642973,80.53808974755619,9851.693254437
2024-03-15,Website,73.51778820121896,66.0604700520747,78.68449678476053,9045.907390070834
2024-03-15,Mobile App,86.35731380812405,64.56312849666818,83.80646836736697,6537.6822256282185
2024-03-15,In-Store,72.08660212473458,86.47249105222016,91.07207070883071,5546.860962189744
2024-03-15,Social Media,94.17816538147926,72.53282937825298,94.68220638072995,7011.279989232644
2024-03-15,Email,85.86678183134853,64.97864685887355,92.63855516609289,4847.407191285536
2024-03-15,SMS,74.05583514456198,60.378225599272774,86.19511367276765,5746.596599104087
2024-03-15,Push Notification,87.98384055922897,86.70774159053407,76.58813169286059,7583.468413063261
2024-03-16,Website,74.68529860243956,85.74531159471492,91.38127027723313,5867.1437948698995
2024-03-16,Mobile App,87.75606996558278,69.43050339551245,84.4233579786563,8394.732079394245
2024-03-16,In-Store,81.48162992933035,70.73394795976326,84.884248945006,8454.243271934965
2024-03-16,Social Media,78.38020118427181,65.21284779407232,89.24028040661561,8433.803914372736
2024-03-16,Email,72.51593696308834,67.19622338267834,77.83943979521987,4131.4727042395
2024-03-16,SMS,81.25877447263531,82.4647901088992,88.02295169763349,6588.35710730588
2024-03-16,Push Notification,78.80937366524137,85.2434265925428,84.42574334796329,9811.944442136391
2024-03-17,Website,85.85355345739342,63.78794224693508,88.52355124150868,3925.936138885291
2024-03-17,Mobile App,87.15817991715244,62.089234444872176,78.49762874351919,8701.635330152078
2024-03-17,In-Store,75.67948892558788,85.1112337572882,80.5855217690882,6785.937190528369
2024-03-17,Social Media,87.35376433774577,75.3796425943516,81.10621353393462,2913.799387339865
2024-03-17,Email,70.82973386406066,69.11839203722171,88.06325581062566,9444.743366036344
2024-03-17,SMS,91.7801120565763,82.98194329605907,90.76894686506597,6984.864131283957
2024-03-17,Push Notification,76.50717143915007,87.21585092117489,88.41464623811667,6043.96567882396
2024-03-18,Website,72.77473673033703,73.41166631419276,84.20716542403852,8781.07248570403
2024-03-18,Mobile App,83.66620550469472,71.41201646911229,94.53600657021319,1996.485339936841
2024-03-18,In-Store,80.56371070779862,61.26074025514216,89.79808241533861,9262.688969792356
2024-03-18,Social Media,77.00093323876223,85.75025030397363,80.84436460923796,9196.931454795236
2024-03-18,Email,88.84904758991959,84.14720330524315,75.36013111200909,9665.293213666233
2024-03-18,SMS,88.16677480175808,69.142532861584,91.58789329717693,3533.6907857343695
2024-03-18,Push Notification,91.8188459891532,63.37741171235811,89.07371954921591,5866.286289804193
2024-03-19,Website,72.41336175488603,67.25681484776517,75.2480807255463,5218.9116891805525
2024-03-19,Mobile App,77.53163151900002,77.95072452893277,80.94475615417234,3699.272003562862
2024-03-19,In-Store,88.57982996829008,61.44428507935061,93.05789990383974,8670.374869520632
2024-03-19,Social Media,86.69511708066017,77.79664710322153,92.84604996279305,2667.97161575843
2024-03-19,Email,71.97422905477072,67.18530509728615,90.8915655740038,1312.03240053835
2024-03-19,SMS,84.57017087708724,89.8631254857393,92.1139218767508,5693.011201392305
2024-03-19,Push Notification,71.59102273216605,84.94120543157129,86.97957016354421,2034.3969735361015
2024-03-20,Website,72.3464321205839,87.28880458309777,88.38400525876156,8463.5811938508
2024-03-20,Mobile App,91.97447250705669,77.15317056144967,85.34892703510083,4873.846692888912
2024-03-20,In-Store,77.92366469477798,73.03787882576135,90.47759311460312,6417.310879136184
2024-03-20,Social Media,92.31308224887115,73.30140043137563,87.14179157437508,6681.767977827898
2024-03-20,Email,84.79242905765814,81.07901319256548,79.74866936749612,5611.273997912116
2024-03-20,SMS,72.60562007020869,71.53533982934438,84.75334137242528,6870.0183359092525
2024-03-20,Push Notification,93.76327631465509,78.01953199645068,89.87187832353119,5556.394535456825
2024-03-21,Website,85.85260078440828,62.1279664840132,80.08783161683694,4256.677838846248
2024-03-21,Mobile App,81.81233387516284,61.36946236507151,77.80048195106636,3491.328770121752
2024-03-21,In-Store,94.28831727252627,69.94041021309152,84.64082116224165,2764.8794146455366
2024-03-21,Social Media,85.2695017768942,68.42049646547923,79.13985156876853,5649.153656013812
2024-03-21,Email,70.13764497901052,60.22992097947676,79.38137618203716,1330.4922625073903
2024-03-21,SMS,72.70064385326728,70.16581948016255,91.05171359159625,6148.437790323707
2024-03-21,Push Notification,82.81669314891042,68.80466469624365,93.63507438865632,4573.135371134725
2024-03-22,Website,72.17731916989429,78.51199548353404,77.27676786953202,4107.008285215229
2024-03-22,Mobile App,82.68529846794522,86.22667574055528,84.87093160680237,7320.328894284979
2024-03-22,In-Store,94.82042097497676,63.944673596939445,80.4946305103904,4551.184680378818
2024-03-22,Social Media,80.54570446347078,72.33063225796637,93.1522200511311,7426.293800201708
2024-03-22,Email,85.1976303522676,69.28118153588346,91.47580768442589,9595.5446033649
2024-03-22,SMS,90.52995706375566,60.046953155744184,87.72802740366814,1460.2184329789065
2024-03-22,Push Notification,76.44018050834305,61.78574101043315,87.07590905898776,7179.309221433461
2024-03-23,Website,72.86219095164763,71.51516649134939,84.12473017911084,4321.47719584825
2024-03-23,Mobile App,73.02562501212982,72.56843370562426,90.02356095616837,1639.0689807992992
2024-03-23,In-Store,72.00450035204759,70.64313875507952,93.8345142323785,7017.153820506226
2024-03-23,Social Media,86.96674891681413,70.85759972513596,86.87321582417077,1091.1806562496904
2024-03-23,Email,85.90240116023855,87.3986084272871,87.25146936689639,8863.287341197105
2024-03-23,SMS,88.09932638665235,63.616752492110706,93.04906614571684,1597.9945992019739
2024-03-23,Push Notification,83.34918681369409,64.26411371380372,75.23413221461809,4798.308341148751
2024-03-24,Website,77.37601769135391,74.58001481392809,86.54399773469102,1393.6516507805263
2024-03-24,Mobile App,73.07508237809364,76.75927189351276,81.86334706345316,7562.561387945032
2024-03-24,In-Store,86.3072912147985,85.3681308896972,88.84985653338451,4869.379696511333
2024-03-24,Social Media,86.82416555986082,68.26143522766256,81.12626997556426,8100.86643928714
2024-03-24,Email,81.16048791003955,83.95141021555058,91.44844747336556,8718.061038951553
2024-03-24,SMS,92.91588089603019,72.9295566153989,81.37733636642278,6239.788719347025
2024-03-24,Push Notification,79.27931058594069,78.03222500400699,89.11171725287649,7195.645166429232
2024-03-25,Website,79.36382217550303,65.00580605096259,83.61058676924415,2283.3472967371786
2024-03-25,Mobile App,92.25242587959521,70.37632382213572,78.08919494446647,1229.0298391517579
2024-03-25,In-Store,86.14555965716211,79.1070695236423,81.81208333162583,1645.406999628859
2024-03-25,Social Media,80.2407223723808,69.33652485190181,88.54241279470018,6452.013245074213
2024-03-25,Email,79.1148432049385,66.5367766276497,94.76071932311184,5086.014590765034
2024-03-25,SMS,87.20685589450592,64.21658902735082,84.71179399318795,1247.8304788251894
2024-03-25,Push Notification,82.63637794776125,88.92052221353107,82.684134259716,1350.9641131742044
2024-03-26,Website,70.77389477298358,71.63960279840609,78.20049872926388,1210.1688669536732
2024-03-26,Mobile App,88.90534034875442,73.75569026645672,80.7848954394531,9100.748647148326
2024-03-26,In-Store,72.90347400501314,88.67756486865957,81.27933434754706,8995.633050778131
2024-03-26,Social Media,85.07357191198653,84.80122079224462,94.68026326420929,3595.6489403687115
2024-03-26,Email,94.02838713518983,71.68445684707261,82.71023809473844,4063.483938290551
2024-03-26,SMS,83.53519018368964,64.62435129535461,86.07422970716023,5875.343311690036
2024-03-26,Push Notification,89.04754531512175,85.00949885812757,83.80882700624848,3720.9992441634436
2024-03-27,Website,76.48337243292737,65.83871510114616,76.1529516439805,4082.03180951242
2024-03-27,Mobile App,76.75619230326959,88.99252157599221,86.15417652500088,4125.493351274568
2024-03-27,In-Store,84.5116900248424,64.17590104037086,83.88087498404406,6636.108892789574
2024-03-27,Social Media,82.22244579481128,72.05336401962973,94.87696777799397,8922.832859340344
2024-03-27,Email,85.585148953986,77.08132083546849,87.41320959649168,2811.8089704018994
2024-03-27,SMS,79.87844358160797,61.18378598672698,84.51092074973653,5887.221255618969
2024-03-27,Push Notification,75.69374340258024,88.9208654149654,93.18909221874485,7499.289119103153
2024-03-28,Website,83.33466571913407,86.09907478943055,77.61304687646926,8114.588148473965
2024-03-28,Mobile App,73.1205203491712,83.82631987648216,80.51535136502714,8893.8152291637
2024-03-28,In-Store,93.60105234563494,64.46387908215347,84.25351210130788,9828.886403464167
2024-03-28,Social Media,82.08518589932866,85.90642567543635,86.7746304426264,4377.969171276417
2024-03-28,Email,77.14458888814676,66.09669273258262,90.23596382755395,4478.864561407251
2024-03-28,SMS,82.78188655501877,74.76976440003546,86.54558058466263,8790.194310620971
2024-03-28,Push Notification,94.51848358958574,72.2275262572145,91.55037844212606,7880.750151892459
2024-03-29,Website,84.33822378638934,88.68141430835799,79.00949031056805,1983.3778927865926
2024-03-29,Mobile App,91.34904917388555,73.17449449901245,91.93937708414121,9037.811846758734
2024-03-29,In-Store,71.56143984047678,86.50394288958182,83.96638110738844,5593.89240103809
2024-03-29,Social Media,85.66481277733025,87.7914782019026,75.38232188859529,5291.591214860354
2024-03-29,Email,87.19305106076402,81.68120873094685,88.85064863074216,2209.916164673097
2024-03-29,SMS,77.48488970929203,70.7614657625104,91.0887441535901,3508.8388517309772
2024-03-29,Push Notification,75.26762409668008,88.72344057114289,75.17726570226938,9980.387701137804
2024-03-30,Website,86.9205324714349,84.85407898347351,80.89238792692386,1128.8374990035397
2024-03-30,Mobile App,88.44673796403825,85.02433791002028,89.80952263907038,2285.6525857075476
2024-03-30,In-Store,88.83569805642422,83.06768346322923,88.17081031340109,7895.043395160276
2024-03-30,Social Media,91.1480359919433,78.40812342712375,76.77209427939358,5388.650287004898
2024-03-30,Email,71.94123336679013,72.22629093097292,83.14212978251255,1594.0885972621743
2024-03-30,SMS,78.72051334923698,63.32994296373945,91.16470420018445,9529.192233680236
2024-03-30,Push Notification,71.80791188144846,88.65345621875105,85.4515319867349,3696.091101584865
2024-03-31,Website,71.9215518819041,75.01872804211253,90.89031088981497,7363.778295400283
2024-03-31,Mobile App,71.25565028659935,62.18705506103711,83.05746565265274,3657.6144464314893
2024-03-31,In-Store,75.80960807640119,68.43013496726141,91.0696548659377,9363.052482686686
2024-03-31,Social Media,80.12756736318916,87.1833300639749,81.42991402495764,5287.932877094125
2024-03-31,Email,75.65072494539999,79.21428126527532,94.57962230349618,6431.437864390407
2024-03-31,SMS,78.94535210283873,79.43452337971586,77.45841356930775,8997.931722388588
2024-03-31,Push Notification,82.5770987694959,73.48049226118926,86.71729576907039,6623.054765104622
2024-04-01,Website,71.79439515566283,80.47851663670207,79.8386336063106,7425.573692559308
2024-04-01,Mobile App,90.56336985960492,84.11875522657562,86.05001934815778,5681.529030796761
2024-04-01,In-Store,73.5718990334853,83.26038451209406,80.42818760893428,5470.258805361519
2024-04-01,Social Media,77.10685232318792,64.0148508899908,87.59115393783473,1488.9883134061345
2024-04-01,Email,88.716130853155,69.5276038578335,75.0026938600897,5600.162253135069
2024-04-01,SMS,71.17129771319007,68.28508673462699,89.13952974911432,1564.2065945967927
2024-04-01,Push Notification,90.98346230890006,60.114597679757495,79.93647738403804,7668.136505368643
2024-04-02,Website,77.90675374323267,63.056771641980404,82.20467837600856,3433.53957746073
2024-04-02,Mobile App,91.06779755401388,69.40043752755429,90.77864943552015,9026.849303296613
2024-04-02,In-Store,80.84543548941323,87.29829431563176,82.54636107926386,9676.705748410974
2024-04-02,Social Media,72.23223811313932,80.61057799509729,84.87628080913858,4488.8392491008235
2024-04-02,Email,85.81779696871503,81.11571274902994,75.08726539300618,2502.5777987247884
2024-04-02,SMS,87.82615126585797,79.9915624073462,94.32095010257355,7849.340112257047
2024-04-02,Push Notification,93.76931769328345,81.07621504604421,80.96104417278886,1948.2843002577083
2024-04-03,Website,89.5455965836234,79.32447664427748,75.96372024786592,4240.454193108805
2024-04-03,Mobile App,93.91999538710715,75.01203437130604,83.65458272039409,5119.2964464336455
2024-04-03,In-Store,75.22206810012909,71.06121512594386,82.39626511974353,1471.1951816872515
2024-04-03,Social Media,89.18919071294796,72.49513295711637,91.44359773632847,8653.132010079058
2024-04-03,Email,75.29985136746645,79.72060446510386,84.44563608325963,8921.410641293365
2024-04-03,SMS,75.39351697941136,80.33439600930133,87.15504244505445,3657.713298146495
2024-04-03,Push Notification,73.41502259127931,79.5491928143183,89.77194916264662,3840.64609387015
2024-04-04,Website,86.12081510055785,71.8539272283451,89.26413766565236,2792.9374740464777
2024-04-04,Mobile App,92.25537506590436,68.6222878939674,82.35571975512306,1522.827568723148
2024-04-04,In-Store,72.7878053080319,75.47585708136984,80.35185353455942,8519.322031679749
2024-04-04,Social Media,70.36733471637385,71.37282146015808,81.74691093538185,1173.9486782584092
2024-04-04,Email,73.10920997501276,72.40928024755905,84.85729168894893,4638.607725293822
2024-04-04,SMS,83.27344196030235,77.85395024717045,75.19847642255671,5176.856435081535
2024-04-04,Push Notification,94.0874810221897,75.57096840388647,88.55084534917907,3806.774721251949
2024-04-05,Website,89.34978445381907,83.18764445628345,85.42592095308278,9784.124409512922
2024-04-05,Mobile App,73.13875536906633,60.50842994668743,90.40316423514192,8264.399836283943
2024-04-05,In-Store,73.00518072801441,67.96748498875819,75.35104726733258,3639.777497025082
2024-04-05,Social Media,89.32854684796679,75.53881583137736,81.96191186336576,4345.653654156972
2024-04-05,Email,70.0338406428867,68.99401582695708,87.9291748327586,9767.749994347214
2024-04-05,SMS,91.17652067459748,60.707848939365874,92.97121209349679,8048.785719687634
2024-04-05,Push Notification,89.50940308927451,73.73987277010714,82.96010585909005,3726.2415594987337
2024-04-06,Website,71.64237147385914,66.84706090481097,79.93207269956049,5356.6936273918145
2024-04-06,Mobile App,88.68611016491735,74.2142948519384,76.15688898894321,9620.108208893835
2024-04-06,In-Store,93.56810797735281,83.55568629445226,94.8265580312844,5900.340995202367
2024-04-06,Social Media,94.06920875633016,62.268151218502524,82.31361496522743,3028.4314120608924
2024-04-06,Email,74.89582710335675,64.22408846678029,87.44827283131994,8031.8967017257455
2024-04-06,SMS,84.45745998550902,64.4088812876463,91.22247539866942,6723.592364473557
2024-04-06,Push Notification,79.70414265317488,80.22390886608189,80.19809958485666,4106.729876447895
2024-04-07,Website,92.93714607829976,68.71513517014262,84.39976536315874,9011.270236564133
2024-04-07,Mobile App,87.69303375668818,61.866096784941085,77.94606088557941,1070.5743169472514
2024-04-07,In-Store,85.77304475572909,73.43020276231255,77.68549701804551,9621.407089510934
2024-04-07,Social Media,83.2414930986405,67.25679882338667,85.01207142309416,7116.58299461597
2024-04-07,Email,71.90598044933911,68.24111445143676,91.13930981767987,5136.983833623951
2024-04-07,SMS,83.66442855080737,72.98448006628408,75.8779988528601,2491.748018381403
2024-04-07,Push Notification,81.13854096854728,66.27556396223784,75.99958057319357,8592.846976466413
2024-04-08,Website,94.5298132291029,83.79428621990218,92.07569843409334,3177.7941728534083
2024-04-08,Mobile App,94.01567438782999,65.90777113360285,94.02859620723665,9953.373645693559
2024-04-08,In-Store,87.79307014365122,89.43431195375466,86.39079559134207,3335.876048584813
2024-04-08,Social Media,80.92489714164053,77.80682806136357,76.4616312405403,6601.0893815552145
2024-04-08,Email,94.52944591905737,65.70322949351183,90.85190232576767,9171.089144016574
2024-04-08,SMS,93.59253982050552,88.80406813216342,85.42919277442944,9795.771171923534
2024-04-08,Push Notification,88.93275517836098,64.85014308710886,84.5380021293594,7464.980578348036
2024-04-09,Website,76.18350789547708,79.21845550646663,88.33200958093238,2464.297694277093
2024-04-09,Mobile App,84.1271328113189,83.14880732935823,84.97791329071885,1108.9280509849668
2024-04-09,In-Store,70.2259617269823,70.71088031910037,93.52388136863564,3058.091016432479
2024-04-09,Social Media,85.85909222179218,66.66227612079962,81.43339979319097,8632.378806413355
2024-04-09,Email,88.22153605674868,62.86197831939632,83.57404041972868,1262.5278728073802
2024-04-09,SMS,82.02225366507523,79.87302035103204,77.37005247196304,3599.964450182491
2024-04-09,Push Notification,79.94591563755392,87.58593073968149,94.86510030845928,1404.2016909605427
